"ID","Created Date","Updated Date","Owner","property","period","title","totalrental","totalutility","totalcollection","expenses","netpayout","Bukkubills","Bukkuinvoice","monthlyreport","client","Paid"
"00ed2aae-5499-44ad-9522-33cc03f87093",2025-09-17T06:33:23Z,2026-02-20T08:24:26Z,"bad279a4-e309-4354-a70f-2a1b0818317f","5981792a-cba0-4215-b391-e6c352f3f3bb",2025-07-01T04:00:00Z,"July 2025 Paragon Suite A-29-05",1600,350,1950,333.77,852.09,,,"https://drive.google.com/file/d/1tSfBPKPm2VZqjwBzch9voY64b1DXej4U/view?usp=sharing","817f6510-47ac-4f8f-9828-d2fd91cb406f",
"026d2798-af0f-4d41-92bf-ddf4004f85f5",2026-01-09T04:29:20Z,2026-02-20T08:24:26Z,"a1b06860-22d8-4493-ae60-65dfd19af60e","1119da1b-7b56-4b65-9ca1-800757e29764",2025-11-30T16:00:00Z,"December 2025 Tri Tower A-18-03",3500,599.29,3530,599.29,2930.71,"https://colivingmanagement.bukku.my/l/dQ80pem1_t",,"https://download-files.wixmp.com/ugd/a1b068_3274bfa73bf64c45aeaa4ab868d5a290.pdf?token=eyJhbGciOiJIUzI1NiIsInR5cCI6IkpXVCJ9.eyJvYmoiOltbeyJwYXRoIjoiL3VnZC9hMWIwNjhfMzI3NGJmYTczYmY2NGM0NWFlYWE0YWI4NjhkNWEyOTAucGRmIn1dXSwiZGlzIjp7ImZpbGVuYW1lIjoiMjAyNV9UcmlfVG93ZXJfQS0xOC0wMy5wZGYiLCJ0eXBlIjoiYXR0YWNobWVudCJ9LCJhdWQiOlsidXJuOnNlcnZpY2U6ZmlsZS5kb3dubG9hZCJdLCJleHAiOjE3Njc5Njg5NTQsImp0aSI6ImEyNmUyY2Q4LTkxNTMtNGJmNS04OWI2LWQwNTExNjIyMThhYyIsImlhdCI6MTc2NzkzMjk1NCwiaXNzIjoidXJuOmFwcDplNjY2MzBlNzE0ZjA0OTBhYWVhMWYxNDliM2I2OWUzMiIsInN1YiI6InVybjphcHA6ZTY2NjMwZTcxNGYwNDkwYWFlYTFmMTQ5YjNiNjllMzIifQ.5ZhBDPowBZOrjoZuTRGlCmybWoGsHj1J54bE2V9ZWKw","817f6510-47ac-4f8f-9828-d2fd91cb406f",
"039dc155-74ff-4fce-8a5d-2418caaedf96",2025-09-17T06:33:23Z,2026-02-20T08:24:26Z,"bad279a4-e309-4354-a70f-2a1b0818317f","6db13fb0-3b98-43ff-b84c-7e4b5560a3b6",2025-03-01T04:00:00Z,"March 2025 Jalan Kuning Jalan Kuning",4700,360,5060,328.35,4261.65,,,,"817f6510-47ac-4f8f-9828-d2fd91cb406f",
"053babd0-3387-4196-a833-8020f4559d19",2025-09-17T06:33:23Z,2026-02-20T08:24:26Z,"bad279a4-e309-4354-a70f-2a1b0818317f","2cf0712d-2d16-4843-b80e-a2b438b20421",2025-02-01T04:00:00Z,"February 2025 Meridin Bayvue B1-22-09",1200,150,1350,690.31,539.69,,,,"817f6510-47ac-4f8f-9828-d2fd91cb406f",
"055eb704-6629-4f94-b704-a49791fab27c",2025-12-08T10:28:45Z,2026-02-20T08:24:26Z,"a1b06860-22d8-4493-ae60-65dfd19af60e","c0fba2d6-05e0-4b27-9cb7-a281e6430ac9",2025-10-31T16:00:00Z,"November 2025 Meridin Bayvue B1-07-13a",2300,1240.9,2530,1240.9,1059.1,"https://colivingmanagement.bukku.my/l/aaIP_rgPGF","https://colivingmanagement.bukku.my/l/cbpbE-bM-e","https://download-files.wixmp.com/ugd/a1b068_c814fa9877904a569014b43849815673.pdf?token=eyJhbGciOiJIUzI1NiIsInR5cCI6IkpXVCJ9.eyJvYmoiOltbeyJwYXRoIjoiL3VnZC9hMWIwNjhfYzgxNGZhOTg3NzkwNGE1NjkwMTRiNDM4NDk4MTU2NzMucGRmIn1dXSwiZGlzIjp7ImZpbGVuYW1lIjoiMjAyNV9NZXJpZGluX0JheXZ1ZV9CMS0wNy0xM2EucGRmIiwidHlwZSI6ImF0dGFjaG1lbnQifSwiYXVkIjpbInVybjpzZXJ2aWNlOmZpbGUuZG93bmxvYWQiXSwiZXhwIjoxNzY1MjI1NzE2LCJqdGkiOiJiNmQ2YTViOS1hY2VkLTQ2MzAtOWYzMi04YjgwODQxNDJhZGIiLCJpYXQiOjE3NjUxODk3MTYsImlzcyI6InVybjphcHA6ZTY2NjMwZTcxNGYwNDkwYWFlYTFmMTQ5YjNiNjllMzIiLCJzdWIiOiJ1cm46YXBwOmU2NjYzMGU3MTRmMDQ5MGFhZWExZjE0OWIzYjY5ZTMyIn0.CiRCffIhD2RqLVBloj-ogAuTXBP9dYhoBArFmfRnnSQ","817f6510-47ac-4f8f-9828-d2fd91cb406f",
"05b9ffaa-c02a-42eb-88a7-7c76666b65d1",2026-04-10T02:49:40Z,2026-04-10T02:51:26Z,"a1b06860-22d8-4493-ae60-65dfd19af60e","2cf0712d-2d16-4843-b80e-a2b438b20421",2026-02-28T16:00:00Z,"March 2026 Meridin Bayvue B1-22-09",2900,538.11,2970,538.11,2141.89,"https://colivingmanagement.bukku.my/l/bQVVpkoown","https://colivingmanagement.bukku.my/l/b4PVpzEGp2","wix:document://v1/a1b068_0bc86d7fa3184555af5b69fd486ae4b5.pdf/2026_Meridin_Bayvue_B1-22-09.pdf",,
"06ecb0c5-9c22-432e-ac25-e49567fdad03",2025-11-07T09:51:23Z,2026-02-20T08:24:26Z,"a1b06860-22d8-4493-ae60-65dfd19af60e","31e9f13e-8494-4000-bee6-85306326a98a",2025-09-30T16:00:00Z,"October 2025 Aliff Residences B-13-07",1610,521.52,2010,1641.64,207.36,"https://colivingmanagement.bukku.my/l/a5iPw4zN8d","https://colivingmanagement.bukku.my/l/d8KQrt_m1w","https://download-files.wixmp.com/ugd/a1b068_ce10d4c41a9446a996c1f0d141d4c0de.pdf?token=eyJhbGciOiJIUzI1NiIsInR5cCI6IkpXVCJ9.eyJvYmoiOltbeyJwYXRoIjoiL3VnZC9hMWIwNjhfY2UxMGQ0YzQxYTk0NDZhOTk2YzFmMGQxNDFkNGMwZGUucGRmIn1dXSwiZGlzIjp7ImZpbGVuYW1lIjoiMjAyNV9BbGlmZl9SZXNpZGVuY2VzX0ItMTMtMDcucGRmIiwidHlwZSI6ImF0dGFjaG1lbnQifSwiYXVkIjpbInVybjpzZXJ2aWNlOmZpbGUuZG93bmxvYWQiXSwiZXhwIjoxNzY3NjkzMDc1LCJqdGkiOiI0N2I0YWU4MC0zYzE4LTQzMzYtODkzMi1iZmRkNzU2Y2Q5OTciLCJpYXQiOjE3NjI1MDkwNzUsImlzcyI6InVybjphcHA6ZTY2NjMwZTcxNGYwNDkwYWFlYTFmMTQ5YjNiNjllMzIiLCJzdWIiOiJ1cm46YXBwOmU2NjYzMGU3MTRmMDQ5MGFhZWExZjE0OWIzYjY5ZTMyIn0.61YnsYx24Zaspnvx8Ipp2h5QWK7mCECGjru2S2ph5K0","817f6510-47ac-4f8f-9828-d2fd91cb406f",
"09bba8c3-e64c-4ee9-a9ca-071a5b13f122",2025-09-17T06:33:23Z,2026-02-20T08:24:26Z,"bad279a4-e309-4354-a70f-2a1b0818317f","92f3ecef-c641-42fc-8085-60519b40820b",2025-04-01T04:00:00Z,"April 2025 SKS Pavillion B-31-03",0,0,0,23.05,'-23.05,,,,"817f6510-47ac-4f8f-9828-d2fd91cb406f",
"0a427b04-6338-467e-9a72-8bbef06c661d",2026-01-09T04:29:17Z,2026-02-20T08:24:26Z,"a1b06860-22d8-4493-ae60-65dfd19af60e","e83a5d2c-dd1e-422e-b3de-eeb6438cc45e",2025-11-30T16:00:00Z,"December 2025 SKS Pavillion B-21-01",3400,762.07,3490,762.07,2387.93,"https://colivingmanagement.bukku.my/l/bg13ihTeAU","https://colivingmanagement.bukku.my/l/cNIKQH5IBJ","https://download-files.wixmp.com/ugd/a1b068_ee819856b7734933a853abacae757703.pdf?token=eyJhbGciOiJIUzI1NiIsInR5cCI6IkpXVCJ9.eyJvYmoiOltbeyJwYXRoIjoiL3VnZC9hMWIwNjhfZWU4MTk4NTZiNzczNDkzM2E4NTNhYmFjYWU3NTc3MDMucGRmIn1dXSwiZGlzIjp7ImZpbGVuYW1lIjoiMjAyNV9TS1NfUGF2aWxsaW9uX0ItMjEtMDEucGRmIiwidHlwZSI6ImF0dGFjaG1lbnQifSwiYXVkIjpbInVybjpzZXJ2aWNlOmZpbGUuZG93bmxvYWQiXSwiZXhwIjoxNzY3OTY4OTQ5LCJqdGkiOiJhYWEzNDkyNi03NTlhLTRlYzItYjlhYy01MjQwN2UzYmUzOTgiLCJpYXQiOjE3Njc5MzI5NDksImlzcyI6InVybjphcHA6ZTY2NjMwZTcxNGYwNDkwYWFlYTFmMTQ5YjNiNjllMzIiLCJzdWIiOiJ1cm46YXBwOmU2NjYzMGU3MTRmMDQ5MGFhZWExZjE0OWIzYjY5ZTMyIn0.SmBi3f2yp1PkEY3nEe1gohNJgzqzymzN0KKTKiULhh8","817f6510-47ac-4f8f-9828-d2fd91cb406f",
"0af742e7-8532-4980-9cfd-447df31907c0",2026-03-10T10:23:51Z,2026-03-15T19:10:18Z,"a1b06860-22d8-4493-ae60-65dfd19af60e","c0fba2d6-05e0-4b27-9cb7-a281e6430ac9",2026-01-31T16:00:00Z,"February 2026 Meridin Bayvue B1-07-13a",2400,659,2540,659,1641,"https://colivingmanagement.bukku.my/l/aiiOOx5U0V","https://colivingmanagement.bukku.my/l/apVh5dvaA4","wix:document://v1/a1b068_2402d53b49bb43c69d429c7977cf13e8.pdf/2026_Meridin_Bayvue_B1-07-13a.pdf","817f6510-47ac-4f8f-9828-d2fd91cb406f",
"0d2f9612-c267-49ae-bd22-13c14228636f",2025-12-08T10:29:01Z,2026-02-20T08:24:26Z,"a1b06860-22d8-4493-ae60-65dfd19af60e","e83a5d2c-dd1e-422e-b3de-eeb6438cc45e",2025-10-31T16:00:00Z,"November 2025 SKS Pavillion B-21-01",3400,809.77,3600,809.77,2450.23,"https://colivingmanagement.bukku.my/l/afpN56eT8V","https://colivingmanagement.bukku.my/l/djQ2k3x1za","https://download-files.wixmp.com/ugd/a1b068_ddbb4323784b4624a314ec7e6e005242.pdf?token=eyJhbGciOiJIUzI1NiIsInR5cCI6IkpXVCJ9.eyJvYmoiOltbeyJwYXRoIjoiL3VnZC9hMWIwNjhfZGRiYjQzMjM3ODRiNDYyNGEzMTRlYzdlNmUwMDUyNDIucGRmIn1dXSwiZGlzIjp7ImZpbGVuYW1lIjoiMjAyNV9TS1NfUGF2aWxsaW9uX0ItMjEtMDEucGRmIiwidHlwZSI6ImF0dGFjaG1lbnQifSwiYXVkIjpbInVybjpzZXJ2aWNlOmZpbGUuZG93bmxvYWQiXSwiZXhwIjoxNzY1MjI1NzMyLCJqdGkiOiI1YmQ2MDdiOS1hMzEwLTQ4MWYtODEwOS1iYmI1ZDBkZmM2ZDgiLCJpYXQiOjE3NjUxODk3MzIsImlzcyI6InVybjphcHA6ZTY2NjMwZTcxNGYwNDkwYWFlYTFmMTQ5YjNiNjllMzIiLCJzdWIiOiJ1cm46YXBwOmU2NjYzMGU3MTRmMDQ5MGFhZWExZjE0OWIzYjY5ZTMyIn0.X3wp2z49sofd0-nWfQUTnXvV36S4f1PIAV4fBTj3R2o","817f6510-47ac-4f8f-9828-d2fd91cb406f",
"0ed1ca8a-a479-4345-be0b-9363012fc87e",2025-09-17T06:33:23Z,2026-02-20T08:24:26Z,"bad279a4-e309-4354-a70f-2a1b0818317f","e83a5d2c-dd1e-422e-b3de-eeb6438cc45e",2025-05-01T04:00:00Z,"May 2025 SKS Pavillion B-21-01",2300,200,2500,1922.75,347.25,,,"https://drive.google.com/file/d/1YwW4g2Dzkyasdg99jG9a0x8E8pnaDu3q/view?usp=sharing","817f6510-47ac-4f8f-9828-d2fd91cb406f",
"0f6e1c9f-a852-4c9b-aa7c-cfce4e28e408",2025-09-10T09:34:40Z,2026-02-20T08:24:26Z,"bad279a4-e309-4354-a70f-2a1b0818317f","e83a5d2c-dd1e-422e-b3de-eeb6438cc45e",2025-08-01T04:00:00Z,"August 2025 SKS Pavillion B-21-01",2545.16,250,2795.16,1511.07,628.82,"https://colivingmanagement.bukku.my/l/c6b-WCNDcw","https://colivingmanagement.bukku.my/l/bxJJNosEQN","https://drive.google.com/file/d/1F8uJOvete4qQIE1Qeb2qOGUiZpoKsXMP/view?usp=sharing","817f6510-47ac-4f8f-9828-d2fd91cb406f",
"11fd7fe5-6282-48cd-b13d-7540f447b5a1",2025-09-17T06:33:23Z,2026-02-20T08:24:26Z,"bad279a4-e309-4354-a70f-2a1b0818317f","52890ac5-9a4d-40d0-80d2-2bbb8d13709b",2025-05-01T04:00:00Z,"May 2025 Paragon Suite B-23-07",4250,200,4450,2157.93,1867.07,,,"https://drive.google.com/file/d/1HqHXllIFegqh_rVC1L-Q-SEpqFK8XKKL/view?usp=sharing","817f6510-47ac-4f8f-9828-d2fd91cb406f",
"14795a0f-c740-412b-aea3-7951599c2f5d",2025-11-07T09:32:26Z,2026-02-20T08:24:26Z,"a1b06860-22d8-4493-ae60-65dfd19af60e","ab2f9b6a-402a-4593-a939-f306dc976067",2025-09-30T16:00:00Z,"October 2025 Paragon Suite A-18-05",2900,880.31,2940,880.31,1769.69,"https://colivingmanagement.bukku.my/l/a9XnlVQ_De","https://colivingmanagement.bukku.my/l/afjvSgmL0F","https://download-files.wixmp.com/ugd/a1b068_c1ab3ebe7bd14769bb23f6fb7baa2db3.pdf?token=eyJhbGciOiJIUzI1NiIsInR5cCI6IkpXVCJ9.eyJvYmoiOltbeyJwYXRoIjoiL3VnZC9hMWIwNjhfYzFhYjNlYmU3YmQxNDc2OWJiMjNmNmZiN2JhYTJkYjMucGRmIn1dXSwiZGlzIjp7ImZpbGVuYW1lIjoiMjAyNV9QYXJhZ29uX1N1aXRlX0EtMTgtMDUucGRmIiwidHlwZSI6ImF0dGFjaG1lbnQifSwiYXVkIjpbInVybjpzZXJ2aWNlOmZpbGUuZG93bmxvYWQiXSwiZXhwIjoxNzY3NjkxOTM4LCJqdGkiOiI2YTgwNjU1OC1mYTNlLTQxZmEtYTI4MS0xN2Y0NDIwMzE2ZGUiLCJpYXQiOjE3NjI1MDc5MzgsImlzcyI6InVybjphcHA6ZTY2NjMwZTcxNGYwNDkwYWFlYTFmMTQ5YjNiNjllMzIiLCJzdWIiOiJ1cm46YXBwOmU2NjYzMGU3MTRmMDQ5MGFhZWExZjE0OWIzYjY5ZTMyIn0.OyLpFahcRE0t9RM5p7JXnEHnpias5ikUNN9_yiVOYvc","817f6510-47ac-4f8f-9828-d2fd91cb406f",
"14f77436-577e-4910-9c18-269cfab21aad",2026-03-10T10:24:02Z,2026-03-15T19:10:18Z,"a1b06860-22d8-4493-ae60-65dfd19af60e","52890ac5-9a4d-40d0-80d2-2bbb8d13709b",2026-01-31T16:00:00Z,"February 2026 Paragon Suite B-23-07",3150,654.82,3300,654.82,2330.18,"https://colivingmanagement.bukku.my/l/bNVdULuHFz","https://colivingmanagement.bukku.my/l/csnvrce1Nq","wix:document://v1/a1b068_0a7ed521eb93436897696c5f4234ed90.pdf/2026_Paragon_Suite_B-23-07.pdf","817f6510-47ac-4f8f-9828-d2fd91cb406f",
"15823a31-ca2d-43be-a561-fc40b2b466cd",2026-04-10T02:49:43Z,2026-04-10T02:51:22Z,"a1b06860-22d8-4493-ae60-65dfd19af60e","ab2f9b6a-402a-4593-a939-f306dc976067",2026-02-28T16:00:00Z,"March 2026 Paragon Suite A-18-05",4100,1077.66,4260,1077.66,2772.34,"https://colivingmanagement.bukku.my/l/bpyd6iSduo","https://colivingmanagement.bukku.my/l/b9b1ta2okt","wix:document://v1/a1b068_4bf43d2ecc0b40dea4988d1efb11a886.pdf/2026_Paragon_Suite_A-18-05.pdf",,
"1606751c-f7fd-44b2-8223-2a90088d035b",2025-09-17T06:33:23Z,2026-02-20T08:24:26Z,"bad279a4-e309-4354-a70f-2a1b0818317f","3faf9896-9e64-4092-93ec-603e692bae24",2025-03-01T04:00:00Z,"March 2025 Meridin Bayvue B1-20-03a",1700,200,1900,622.86,1107.14,,,,"817f6510-47ac-4f8f-9828-d2fd91cb406f",
"1671fc3e-15e9-4890-b0f4-b18708897ef9",2025-09-10T09:34:30Z,2026-02-20T08:24:26Z,"bad279a4-e309-4354-a70f-2a1b0818317f","5981792a-cba0-4215-b391-e6c352f3f3bb",2025-08-01T04:00:00Z,"August 2025 Paragon Suite A-29-05",1800,100,1900,996.19,743.81,"https://colivingmanagement.bukku.my/l/dLbKtl1y00","https://colivingmanagement.bukku.my/l/aIhO74gWgA","https://drive.google.com/file/d/1BXK2z-LzHFftoiis6k9PKDUgQSCcNufC/view?usp=sharing","817f6510-47ac-4f8f-9828-d2fd91cb406f",
"16c29c9a-3844-42fb-b368-3b550f8aab16",2025-12-08T10:28:51Z,2026-02-20T08:24:26Z,"a1b06860-22d8-4493-ae60-65dfd19af60e","4155d4f3-9438-448a-8c5e-d49dd1272646",2025-10-31T16:00:00Z,"November 2025 Meridin Bayvue B2-19-12",2719,706.31,2979,706.31,2700,"https://colivingmanagement.bukku.my/l/b_p7a2Nom7",,"https://download-files.wixmp.com/ugd/a1b068_dadc74fd0c174057b135021aac4e56fa.pdf?token=eyJhbGciOiJIUzI1NiIsInR5cCI6IkpXVCJ9.eyJvYmoiOltbeyJwYXRoIjoiL3VnZC9hMWIwNjhfZGFkYzc0ZmQwYzE3NDA1N2IxMzUwMjFhYWM0ZTU2ZmEucGRmIn1dXSwiZGlzIjp7ImZpbGVuYW1lIjoiMjAyNV9NZXJpZGluX0JheXZ1ZV9CMi0xOS0xMi5wZGYiLCJ0eXBlIjoiYXR0YWNobWVudCJ9LCJhdWQiOlsidXJuOnNlcnZpY2U6ZmlsZS5kb3dubG9hZCJdLCJleHAiOjE3NjUyMjU3MjMsImp0aSI6ImI2Y2E1NTUwLWRiZDktNGE1OS04NjY4LWQ4MzNkMzcwYzNhNSIsImlhdCI6MTc2NTE4OTcyMywiaXNzIjoidXJuOmFwcDplNjY2MzBlNzE0ZjA0OTBhYWVhMWYxNDliM2I2OWUzMiIsInN1YiI6InVybjphcHA6ZTY2NjMwZTcxNGYwNDkwYWFlYTFmMTQ5YjNiNjllMzIifQ.WepbTI3znnjpCiNMa-nE2jQ7WV6JGNjR36m0kqxmqZA","817f6510-47ac-4f8f-9828-d2fd91cb406f",
"16dc0211-dd03-4131-9dca-9adfd267a429",2026-03-10T10:23:52Z,2026-03-15T19:10:17Z,"a1b06860-22d8-4493-ae60-65dfd19af60e","beaf7c8c-e161-4e8f-b30e-376c0d94be25",2026-01-31T16:00:00Z,"February 2026 Meridin Bayvue B1-10-05",2700,656.7,2770,656.7,1843.3,"https://colivingmanagement.bukku.my/l/czdS5Jw7iD","https://colivingmanagement.bukku.my/l/aHrxmDmOO7","wix:document://v1/a1b068_ad4ebbbc5f354b95b66b6494026b2641.pdf/2026_Meridin_Bayvue_B1-10-05.pdf","817f6510-47ac-4f8f-9828-d2fd91cb406f",
"1d1daef2-79c0-415c-9f1d-1b525d0516f7",2025-09-10T09:34:12Z,2026-02-20T08:24:26Z,"bad279a4-e309-4354-a70f-2a1b0818317f","4155d4f3-9438-448a-8c5e-d49dd1272646",2025-08-01T04:00:00Z,"August 2025 Meridin Bayvue B2-19-12",1800,100,1900,753.56,966.44,"https://colivingmanagement.bukku.my/l/beJXK2T1Rs","https://colivingmanagement.bukku.my/l/ac7gFbQZ9c","https://drive.google.com/file/d/1isEByO2LHGV-HSlakJX8W_8cuzqNUoUS/view?usp=sharing","817f6510-47ac-4f8f-9828-d2fd91cb406f",
"1fb15583-d7b4-46a5-8a24-51697ebf9083",2025-12-08T10:28:52Z,2026-02-20T08:24:26Z,"a1b06860-22d8-4493-ae60-65dfd19af60e","ab2f9b6a-402a-4593-a939-f306dc976067",2025-10-31T16:00:00Z,"November 2025 Paragon Suite A-18-05",1200,2278.4,1410,2278.4,'-988.4,,"https://colivingmanagement.bukku.my/l/dCgSTK4cX3","https://download-files.wixmp.com/ugd/a1b068_ed4d3f7186764429ada681ac59379305.pdf?token=eyJhbGciOiJIUzI1NiIsInR5cCI6IkpXVCJ9.eyJvYmoiOltbeyJwYXRoIjoiL3VnZC9hMWIwNjhfZWQ0ZDNmNzE4Njc2NDQyOWFkYTY4MWFjNTkzNzkzMDUucGRmIn1dXSwiZGlzIjp7ImZpbGVuYW1lIjoiMjAyNV9QYXJhZ29uX1N1aXRlX0EtMTgtMDUucGRmIiwidHlwZSI6ImF0dGFjaG1lbnQifSwiYXVkIjpbInVybjpzZXJ2aWNlOmZpbGUuZG93bmxvYWQiXSwiZXhwIjoxNzY1MjI1NzI0LCJqdGkiOiI5MTFkMWIzYi0xNDIzLTQ3OWItODlkNy0wMDEwNmZiYWQ1YmIiLCJpYXQiOjE3NjUxODk3MjQsImlzcyI6InVybjphcHA6ZTY2NjMwZTcxNGYwNDkwYWFlYTFmMTQ5YjNiNjllMzIiLCJzdWIiOiJ1cm46YXBwOmU2NjYzMGU3MTRmMDQ5MGFhZWExZjE0OWIzYjY5ZTMyIn0.qbFKfgvrmwiVBauWeQDJ9HZI4h55kXKCm8_bvtkja3s","817f6510-47ac-4f8f-9828-d2fd91cb406f",
"2055e07f-d0f9-428e-8791-820bbca4be1c",2025-10-09T05:55:40Z,2026-02-20T08:24:26Z,"bad279a4-e309-4354-a70f-2a1b0818317f","c0fba2d6-05e0-4b27-9cb7-a281e6430ac9",2025-09-01T04:00:00Z,"September 2025 Meridin Bayvue B1-07-13a",2800,200,3000,1117.8,1602.2,"https://colivingmanagement.bukku.my/l/dmqmWLuFav","https://colivingmanagement.bukku.my/l/bCsPz08z_7","https://drive.google.com/file/d/18M20crv1RE2SzgcEMqInYSVkrnc_zi33/view?usp=sharing","817f6510-47ac-4f8f-9828-d2fd91cb406f",
"2057912d-e9f8-4918-adef-06610b155196",2026-03-10T10:23:48Z,2026-03-15T19:10:21Z,"a1b06860-22d8-4493-ae60-65dfd19af60e","31e9f13e-8494-4000-bee6-85306326a98a",2026-01-31T16:00:00Z,"February 2026 Aliff Residences B-13-07 -1800",2584,104,3494,104,1331.6,"https://colivingmanagement.bukku.my/l/bceNSWhPw9","https://colivingmanagement.bukku.my/l/aBcaFlJ5Ok","wix:document://v1/a1b068_da0787a5b86b4292a5595dfe4659fa90.pdf/2026_Aliff_Residences_B-13-07.pdf","817f6510-47ac-4f8f-9828-d2fd91cb406f",
"23786a44-6ccf-492d-b582-1bf8372f165a",2026-01-09T04:29:19Z,2026-02-20T08:24:26Z,"a1b06860-22d8-4493-ae60-65dfd19af60e","92f3ecef-c641-42fc-8085-60519b40820b",2025-11-30T16:00:00Z,"December 2025 SKS Pavillion B-31-03",0,267.94,0,267.94,'-267.94,,,"https://download-files.wixmp.com/ugd/a1b068_ab122b3a460443588e312ed4605d3055.pdf?token=eyJhbGciOiJIUzI1NiIsInR5cCI6IkpXVCJ9.eyJvYmoiOltbeyJwYXRoIjoiL3VnZC9hMWIwNjhfYWIxMjJiM2E0NjA0NDM1ODhlMzEyZWQ0NjA1ZDMwNTUucGRmIn1dXSwiZGlzIjp7ImZpbGVuYW1lIjoiMjAyNV9TS1NfUGF2aWxsaW9uX0ItMzEtMDMucGRmIiwidHlwZSI6ImF0dGFjaG1lbnQifSwiYXVkIjpbInVybjpzZXJ2aWNlOmZpbGUuZG93bmxvYWQiXSwiZXhwIjoxNzY3OTY4OTUxLCJqdGkiOiIyZDQ1MjMwZC04YWMzLTRhZWUtOWFlNi1hMzNmMTNkYjAxZTMiLCJpYXQiOjE3Njc5MzI5NTEsImlzcyI6InVybjphcHA6ZTY2NjMwZTcxNGYwNDkwYWFlYTFmMTQ5YjNiNjllMzIiLCJzdWIiOiJ1cm46YXBwOmU2NjYzMGU3MTRmMDQ5MGFhZWExZjE0OWIzYjY5ZTMyIn0.EZkdKmOWczwrqoP4ir3rgVwRn5elhpAGNSqRncc_cVU","817f6510-47ac-4f8f-9828-d2fd91cb406f",
"243f6171-519e-4351-8e68-08c6a0b2f378",2026-01-09T04:29:13Z,2026-02-20T08:24:26Z,"a1b06860-22d8-4493-ae60-65dfd19af60e","52890ac5-9a4d-40d0-80d2-2bbb8d13709b",2025-11-30T16:00:00Z,"December 2025 Paragon Suite B-23-07",3150,781.17,3250,781.17,2153.83,"https://colivingmanagement.bukku.my/l/dGrn5Hh1wc","https://colivingmanagement.bukku.my/l/a7VrHy4cVO","https://download-files.wixmp.com/ugd/a1b068_63da9d9db12446b8a7cef13e272d1bbc.pdf?token=eyJhbGciOiJIUzI1NiIsInR5cCI6IkpXVCJ9.eyJvYmoiOltbeyJwYXRoIjoiL3VnZC9hMWIwNjhfNjNkYTlkOWRiMTI0NDZiOGE3Y2VmMTNlMjcyZDFiYmMucGRmIn1dXSwiZGlzIjp7ImZpbGVuYW1lIjoiMjAyNV9QYXJhZ29uX1N1aXRlX0ItMjMtMDcucGRmIiwidHlwZSI6ImF0dGFjaG1lbnQifSwiYXVkIjpbInVybjpzZXJ2aWNlOmZpbGUuZG93bmxvYWQiXSwiZXhwIjoxNzY3OTY4OTQ2LCJqdGkiOiJlZjQ0ODViOC04NmYxLTQ5ZDktOWYzYi1jMGFmOTRhOGEyZDMiLCJpYXQiOjE3Njc5MzI5NDYsImlzcyI6InVybjphcHA6ZTY2NjMwZTcxNGYwNDkwYWFlYTFmMTQ5YjNiNjllMzIiLCJzdWIiOiJ1cm46YXBwOmU2NjYzMGU3MTRmMDQ5MGFhZWExZjE0OWIzYjY5ZTMyIn0.h_D1Ig_CtWPIm-F2JX-ihH8wawBMFdQW81opWSRh1Zk","817f6510-47ac-4f8f-9828-d2fd91cb406f",
"24a82bd5-80b1-4c36-a634-2af4c86dc62c",2026-01-09T04:28:55Z,2026-02-20T08:24:26Z,"a1b06860-22d8-4493-ae60-65dfd19af60e","31e9f13e-8494-4000-bee6-85306326a98a",2025-11-30T16:00:00Z,"December 2025 Aliff Residences B-13-07",2050,214.42,2270,214.42,1850.58,"https://colivingmanagement.bukku.my/l/c5ceUhw1Dl","https://colivingmanagement.bukku.my/l/caRo8mvjVN","https://download-files.wixmp.com/ugd/a1b068_ed6601018717446995137dc378639473.pdf?token=eyJhbGciOiJIUzI1NiIsInR5cCI6IkpXVCJ9.eyJvYmoiOltbeyJwYXRoIjoiL3VnZC9hMWIwNjhfZWQ2NjAxMDE4NzE3NDQ2OTk1MTM3ZGMzNzg2Mzk0NzMucGRmIn1dXSwiZGlzIjp7ImZpbGVuYW1lIjoiMjAyNV9BbGlmZl9SZXNpZGVuY2VzX0ItMTMtMDcucGRmIiwidHlwZSI6ImF0dGFjaG1lbnQifSwiYXVkIjpbInVybjpzZXJ2aWNlOmZpbGUuZG93bmxvYWQiXSwiZXhwIjoxNzY3OTY4OTI4LCJqdGkiOiI5NmMzM2E1NC01OTdkLTRlOTgtODgyNy01Yjc5MThjYjI5ZjgiLCJpYXQiOjE3Njc5MzI5MjgsImlzcyI6InVybjphcHA6ZTY2NjMwZTcxNGYwNDkwYWFlYTFmMTQ5YjNiNjllMzIiLCJzdWIiOiJ1cm46YXBwOmU2NjYzMGU3MTRmMDQ5MGFhZWExZjE0OWIzYjY5ZTMyIn0.MOnEO8sXTW1KTyRmASWH27nK39I0KbNABz-EQg9c2DI","817f6510-47ac-4f8f-9828-d2fd91cb406f",
"25087554-4238-42ec-b814-79d88b86cc2f",2025-11-07T09:33:00Z,2026-02-20T08:24:26Z,"a1b06860-22d8-4493-ae60-65dfd19af60e","beaf7c8c-e161-4e8f-b30e-376c0d94be25",2025-09-30T16:00:00Z,"October 2025 Meridin Bayvue B1-10-05",2097,573.4,2167,1023.4,933.9,"https://colivingmanagement.bukku.my/l/cGxKVh4Zjl","https://colivingmanagement.bukku.my/l/b4kmftF0WA","https://download-files.wixmp.com/ugd/a1b068_546453c8f1ef4301825ba2898279ae0a.pdf?token=eyJhbGciOiJIUzI1NiIsInR5cCI6IkpXVCJ9.eyJvYmoiOltbeyJwYXRoIjoiL3VnZC9hMWIwNjhfNTQ2NDUzYzhmMWVmNDMwMTgyNWJhMjg5ODI3OWFlMGEucGRmIn1dXSwiZGlzIjp7ImZpbGVuYW1lIjoiMjAyNV9NZXJpZGluX0JheXZ1ZV9CMS0xMC0wNS5wZGYiLCJ0eXBlIjoiYXR0YWNobWVudCJ9LCJhdWQiOlsidXJuOnNlcnZpY2U6ZmlsZS5kb3dubG9hZCJdLCJleHAiOjE3Njc2OTE5NzIsImp0aSI6ImVkMjlkMzdjLTJlZWItNGY0Yy1hMTk2LTQ1NmUxOTQ5MjQ3NSIsImlhdCI6MTc2MjUwNzk3MiwiaXNzIjoidXJuOmFwcDplNjY2MzBlNzE0ZjA0OTBhYWVhMWYxNDliM2I2OWUzMiIsInN1YiI6InVybjphcHA6ZTY2NjMwZTcxNGYwNDkwYWFlYTFmMTQ5YjNiNjllMzIifQ.wbkC9g7sIcNmqMp8nFyQ1STPiQ9BoKmM1PLincZZsM4","817f6510-47ac-4f8f-9828-d2fd91cb406f",
"25b7a6b6-07dd-4d34-b680-6034292a2e1e",2025-11-07T09:33:17Z,2026-02-20T08:24:26Z,"a1b06860-22d8-4493-ae60-65dfd19af60e","6db13fb0-3b98-43ff-b84c-7e4b5560a3b6",2025-09-30T16:00:00Z,"October 2025 Jalan Kuning Jalan Kuning",6650,892.69,7600,892.69,6042.31,"https://colivingmanagement.bukku.my/l/bRvXeZpjcb","https://colivingmanagement.bukku.my/l/dR_CetrjPA","https://download-files.wixmp.com/ugd/a1b068_7bfc09f6024840f5993ac34525965672.pdf?token=eyJhbGciOiJIUzI1NiIsInR5cCI6IkpXVCJ9.eyJvYmoiOltbeyJwYXRoIjoiL3VnZC9hMWIwNjhfN2JmYzA5ZjYwMjQ4NDBmNTk5M2FjMzQ1MjU5NjU2NzIucGRmIn1dXSwiZGlzIjp7ImZpbGVuYW1lIjoiMjAyNV9KYWxhbl9LdW5pbmdfSmFsYW5fS3VuaW5nLnBkZiIsInR5cGUiOiJhdHRhY2htZW50In0sImF1ZCI6WyJ1cm46c2VydmljZTpmaWxlLmRvd25sb2FkIl0sImV4cCI6MTc2NzY5MTk4OSwianRpIjoiMTAxYzMwZTctMjJmZi00N2E4LWE0ZTYtOWM4NTFkOTM1NjQ4IiwiaWF0IjoxNzYyNTA3OTg5LCJpc3MiOiJ1cm46YXBwOmU2NjYzMGU3MTRmMDQ5MGFhZWExZjE0OWIzYjY5ZTMyIiwic3ViIjoidXJuOmFwcDplNjY2MzBlNzE0ZjA0OTBhYWVhMWYxNDliM2I2OWUzMiJ9.O6dv0lZG_GLsS4AdGF9SVpxJhFM4zzaoNScsEeyiz-4","817f6510-47ac-4f8f-9828-d2fd91cb406f",
"28df76ec-9803-411d-a302-0a99cee95700",2025-10-09T06:07:42Z,2026-02-20T08:24:26Z,"bad279a4-e309-4354-a70f-2a1b0818317f","f18c6f5a-eccf-4af8-9334-721d98013a6d",2025-09-01T04:00:00Z,"September 2025 Paragon Suite B-27-03",2400,0,2400,1217.4,1062.6,"https://colivingmanagement.bukku.my/l/bH-nknpQHA","https://colivingmanagement.bukku.my/l/d2DIQxXxiS","https://drive.google.com/file/d/1sCTqWUoPjoIrtajB2K1d0E7zrS58IINa/view?usp=sharing","817f6510-47ac-4f8f-9828-d2fd91cb406f",
"291ad794-4705-4bb2-87f6-4fd10ecdf835",2026-04-10T02:49:44Z,2026-04-10T02:51:21Z,"a1b06860-22d8-4493-ae60-65dfd19af60e","5981792a-cba0-4215-b391-e6c352f3f3bb",2026-02-28T16:00:00Z,"March 2026 Paragon Suite A-29-05",3850,753.52,4480,753.52,3341.48,"https://colivingmanagement.bukku.my/l/bHQuWudQJH","https://colivingmanagement.bukku.my/l/bDZno2Bq7Q","wix:document://v1/a1b068_e2e9d1dc134c47c1819f0ad442d5bc4e.pdf/2026_Paragon_Suite_A-29-05.pdf",,
"29877b87-b6be-463c-9003-d0429816df93",2026-02-10T07:29:20Z,2026-02-20T08:24:26Z,"a1b06860-22d8-4493-ae60-65dfd19af60e","e83a5d2c-dd1e-422e-b3de-eeb6438cc45e",2025-12-31T16:00:00Z,"January 2026 SKS Pavillion B-21-01",2400,658.15,2520,658.15,1621.85,"https://colivingmanagement.bukku.my/l/b5zzKmOtjh","https://colivingmanagement.bukku.my/l/dfganbDQiV","wix:document://v1/a1b068_0456c30aae404db0a3a964c5f3c0f270.pdf/2026_SKS_Pavillion_B-21-01.pdf","817f6510-47ac-4f8f-9828-d2fd91cb406f",
"29e34282-2d87-413d-94ef-90bdc7c86f02",2025-10-09T06:08:00Z,2026-02-20T08:24:26Z,"bad279a4-e309-4354-a70f-2a1b0818317f","1119da1b-7b56-4b65-9ca1-800757e29764",2025-09-01T04:00:00Z,"September 2025 Tri Tower A-18-03",3300,0,3300,218.15,2751.85,"https://colivingmanagement.bukku.my/l/dcDihsmSY8","https://colivingmanagement.bukku.my/l/aCfBB_8rKR","https://drive.google.com/file/d/1JRPekBCZnUVfOoARlTpQiKGWCdFUWXLt/view?usp=sharing","817f6510-47ac-4f8f-9828-d2fd91cb406f",
"2af32b47-f055-468d-a9a0-e23ae4e49548",2026-03-09T13:18:58Z,2026-03-09T13:19:03Z,"a1b06860-22d8-4493-ae60-65dfd19af60e","31e9f13e-8494-4000-bee6-85306326a98a",2025-11-30T16:00:00Z,"December 2025 Aliff Residences B-13-07",2050,214.42,2270,214.42,1850.58,,,"wix:document://v1/a1b068_1fce259aa178451e8c48f204b85215e0.pdf/2025_Aliff_Residences_B-13-07.pdf",,
"2b03a4b1-5ce9-4d10-9b72-0045da29e816",2025-11-07T09:32:18Z,2026-02-20T08:24:26Z,"a1b06860-22d8-4493-ae60-65dfd19af60e","5981792a-cba0-4215-b391-e6c352f3f3bb",2025-09-30T16:00:00Z,"October 2025 Paragon Suite A-29-05",2100,1724.29,2440,1724.29,505.71,"https://colivingmanagement.bukku.my/l/curTEQwT99","https://colivingmanagement.bukku.my/l/czIi-XwL8C","https://download-files.wixmp.com/ugd/a1b068_fb8da2a4cc634f8e8b24d36dd50fba61.pdf?token=eyJhbGciOiJIUzI1NiIsInR5cCI6IkpXVCJ9.eyJvYmoiOltbeyJwYXRoIjoiL3VnZC9hMWIwNjhfZmI4ZGEyYTRjYzYzNGY4ZThiMjRkMzZkZDUwZmJhNjEucGRmIn1dXSwiZGlzIjp7ImZpbGVuYW1lIjoiMjAyNV9QYXJhZ29uX1N1aXRlX0EtMjktMDUucGRmIiwidHlwZSI6ImF0dGFjaG1lbnQifSwiYXVkIjpbInVybjpzZXJ2aWNlOmZpbGUuZG93bmxvYWQiXSwiZXhwIjoxNzY3NjkxOTMwLCJqdGkiOiI4ZmFmNTA0ZC1mMDYzLTRjYTQtYTgzOS05OGI5NzQwM2Q4NjkiLCJpYXQiOjE3NjI1MDc5MzAsImlzcyI6InVybjphcHA6ZTY2NjMwZTcxNGYwNDkwYWFlYTFmMTQ5YjNiNjllMzIiLCJzdWIiOiJ1cm46YXBwOmU2NjYzMGU3MTRmMDQ5MGFhZWExZjE0OWIzYjY5ZTMyIn0.dj3EOJkOpYWNqFXdmXkTPpMeN92fxwzSriScEtK7sKw","817f6510-47ac-4f8f-9828-d2fd91cb406f",
"2e8973ab-f69f-4f91-9deb-b4e22effc676",2026-04-10T02:49:51Z,2026-04-10T02:51:15Z,"a1b06860-22d8-4493-ae60-65dfd19af60e","e83a5d2c-dd1e-422e-b3de-eeb6438cc45e",2026-02-28T16:00:00Z,"March 2026 SKS Pavillion B-21-01",3643,997.82,3953,997.82,2590.88,"https://colivingmanagement.bukku.my/l/aBy087VRCe","https://colivingmanagement.bukku.my/l/b9uJeDOaPU","wix:document://v1/a1b068_35090a03329548ad854c18653781e6a6.pdf/2026_SKS_Pavillion_B-21-01.pdf",,
"2fef9afc-7ad5-4311-8e44-dea33ed756a7",2025-12-08T10:28:43Z,2026-02-20T08:24:26Z,"a1b06860-22d8-4493-ae60-65dfd19af60e","6db13fb0-3b98-43ff-b84c-7e4b5560a3b6",2025-10-31T16:00:00Z,"November 2025 Jalan Kuning Jalan Kuning",6450,391.49,7370,391.49,6333.51,"https://colivingmanagement.bukku.my/l/c7oy6lfnrp","https://colivingmanagement.bukku.my/l/c0NH80Bu5h","https://download-files.wixmp.com/ugd/a1b068_01993c17034d4facbed77ddc9ad737c3.pdf?token=eyJhbGciOiJIUzI1NiIsInR5cCI6IkpXVCJ9.eyJvYmoiOltbeyJwYXRoIjoiL3VnZC9hMWIwNjhfMDE5OTNjMTcwMzRkNGZhY2JlZDc3ZGRjOWFkNzM3YzMucGRmIn1dXSwiZGlzIjp7ImZpbGVuYW1lIjoiMjAyNV9KYWxhbl9LdW5pbmdfSmFsYW5fS3VuaW5nLnBkZiIsInR5cGUiOiJhdHRhY2htZW50In0sImF1ZCI6WyJ1cm46c2VydmljZTpmaWxlLmRvd25sb2FkIl0sImV4cCI6MTc2NTIyNTcxNSwianRpIjoiODEwZjRkYmYtNmRhYy00ZTA3LWE4ZDUtNDRhODk1ZWJkYWEzIiwiaWF0IjoxNzY1MTg5NzE1LCJpc3MiOiJ1cm46YXBwOmU2NjYzMGU3MTRmMDQ5MGFhZWExZjE0OWIzYjY5ZTMyIiwic3ViIjoidXJuOmFwcDplNjY2MzBlNzE0ZjA0OTBhYWVhMWYxNDliM2I2OWUzMiJ9.9gdXYx-mxK1ynrfu2dfnMSVa7lGzXchLCh8zyHqPAxw","817f6510-47ac-4f8f-9828-d2fd91cb406f",
"3277096d-b8fa-401c-b722-771058ede113",2025-09-17T06:33:23Z,2026-02-20T08:24:26Z,"bad279a4-e309-4354-a70f-2a1b0818317f","5981792a-cba0-4215-b391-e6c352f3f3bb",2025-06-01T04:00:00Z,"June 2025 Paragon Suite A-29-05",987,100,1087,1752.44,'-764.14,,,"https://drive.google.com/file/d/1kk8m2mcw7OBT7IdJVI7Xiy3JUlXIOpmE/view?usp=sharing","817f6510-47ac-4f8f-9828-d2fd91cb406f",
"33910460-c181-4aac-8847-f0276f0723cc",2025-09-17T06:33:23Z,2026-02-20T08:24:26Z,"bad279a4-e309-4354-a70f-2a1b0818317f","e83a5d2c-dd1e-422e-b3de-eeb6438cc45e",2025-04-01T04:00:00Z,"April 2025 SKS Pavillion B-21-01",3600,350,3950,987.47,2606.53,,,"https://drive.google.com/file/d/1kXlEauLLFMkKA3lS2-Yix384lJDRXBJZ/view?usp=sharing","817f6510-47ac-4f8f-9828-d2fd91cb406f",
"344a7574-970a-4242-8504-23c3e4bcbd5c",2025-09-17T06:33:23Z,2026-02-20T08:24:26Z,"bad279a4-e309-4354-a70f-2a1b0818317f","92f3ecef-c641-42fc-8085-60519b40820b",2025-07-01T04:00:00Z,"July 2025 SKS Pavillion B-31-03",2300,250,2550,565.44,1884.56,,,"https://drive.google.com/file/d/1iV9bZFLJbg7CVoc6hAlHMBjIBNLwc4oN/view?usp=sharing","817f6510-47ac-4f8f-9828-d2fd91cb406f",
"348dd359-c1eb-4129-ab44-86bccfcaf0c3",2025-09-17T06:33:23Z,2026-02-20T08:24:26Z,"bad279a4-e309-4354-a70f-2a1b0818317f","6db13fb0-3b98-43ff-b84c-7e4b5560a3b6",2025-06-01T04:00:00Z,"June 2025 Jalan Kuning Jalan Kuning",5977,920,6897,4455.2,1844.1,,,"https://drive.google.com/file/d/1GLIJ2Pf6cHSshSgCwITeMYDNgS4kTnRx/view?usp=sharing","817f6510-47ac-4f8f-9828-d2fd91cb406f",
"364f89e0-fa57-456e-9125-e6026d8fd157",2025-12-08T10:28:49Z,2026-02-20T08:24:26Z,"a1b06860-22d8-4493-ae60-65dfd19af60e","2cf0712d-2d16-4843-b80e-a2b438b20421",2025-10-31T16:00:00Z,"November 2025 Meridin Bayvue B1-22-09",2200,677.41,2310,677.41,1412.59,"https://colivingmanagement.bukku.my/l/aC-iDKdcbx","https://colivingmanagement.bukku.my/l/bywAPsABmM","https://download-files.wixmp.com/ugd/a1b068_eca83aeb046646a59b9a5f3a2ccb923f.pdf?token=eyJhbGciOiJIUzI1NiIsInR5cCI6IkpXVCJ9.eyJvYmoiOltbeyJwYXRoIjoiL3VnZC9hMWIwNjhfZWNhODNhZWIwNDY2NDZhNTliOWE1ZjNhMmNjYjkyM2YucGRmIn1dXSwiZGlzIjp7ImZpbGVuYW1lIjoiMjAyNV9NZXJpZGluX0JheXZ1ZV9CMS0yMi0wOS5wZGYiLCJ0eXBlIjoiYXR0YWNobWVudCJ9LCJhdWQiOlsidXJuOnNlcnZpY2U6ZmlsZS5kb3dubG9hZCJdLCJleHAiOjE3NjUyMjU3MjEsImp0aSI6IjBmOWU1NmZmLWU5ZWMtNGU3ZC1iMGJjLTcxYzdjYTUwYTg1MyIsImlhdCI6MTc2NTE4OTcyMSwiaXNzIjoidXJuOmFwcDplNjY2MzBlNzE0ZjA0OTBhYWVhMWYxNDliM2I2OWUzMiIsInN1YiI6InVybjphcHA6ZTY2NjMwZTcxNGYwNDkwYWFlYTFmMTQ5YjNiNjllMzIifQ.beqJJKCOhW5lmW8iIhfdEAoG6XKRdBBePMHa5gCJmmY","817f6510-47ac-4f8f-9828-d2fd91cb406f",
"3a9c69fc-1716-47ec-ada0-948cdffe6499",2025-09-17T06:33:23Z,2026-02-20T08:24:26Z,"bad279a4-e309-4354-a70f-2a1b0818317f","3faf9896-9e64-4092-93ec-603e692bae24",2025-06-01T04:00:00Z,"June 2025 Meridin Bayvue B1-20-03a",2300,300,2600,987.09,1382.91,,,"https://drive.google.com/file/d/1DGXSWnqyRMdE4-gsG565vEx0B1pNV7XQ/view?usp=sharing","817f6510-47ac-4f8f-9828-d2fd91cb406f",
"3b676d0b-25da-40c2-8195-9b16a195e281",2025-09-17T06:33:23Z,2026-02-20T08:24:26Z,"bad279a4-e309-4354-a70f-2a1b0818317f","2cf0712d-2d16-4843-b80e-a2b438b20421",2025-01-01T04:00:00Z,"January 2025 Meridin Bayvue B1-22-09",1200,100,1300,944.51,235.49,,,,"817f6510-47ac-4f8f-9828-d2fd91cb406f",
"41de7de6-a87e-4413-b862-0abfbd1faeba",2025-09-17T06:33:23Z,2026-02-20T08:24:26Z,"bad279a4-e309-4354-a70f-2a1b0818317f","52890ac5-9a4d-40d0-80d2-2bbb8d13709b",2025-07-01T04:00:00Z,"July 2025 Paragon Suite B-23-07",4000,200,4200,277.67,3602.33,,,"https://drive.google.com/file/d/1bXkrWIWZB1Bpn57aYtPK7ayBJ_qwr-me/view?usp=sharing","817f6510-47ac-4f8f-9828-d2fd91cb406f",
"421f0bfe-ee7f-4e15-869d-5046c2cdf9dd",2026-04-10T02:49:54Z,2026-04-10T02:51:14Z,"a1b06860-22d8-4493-ae60-65dfd19af60e","1119da1b-7b56-4b65-9ca1-800757e29764",2026-02-28T16:00:00Z,"March 2026 Tri Tower A-18-03",4750,638.64,4880,638.64,4241.36,"https://colivingmanagement.bukku.my/l/acViyfnTha",,"wix:document://v1/a1b068_8b02729d71524f8cb94a52d1c0eebcca.pdf/2026_Tri_Tower_A-18-03.pdf",,
"424574aa-4c3f-41cc-aaf2-942c8e87c9f1",2025-12-08T10:29:02Z,2026-02-20T08:24:26Z,"a1b06860-22d8-4493-ae60-65dfd19af60e","92f3ecef-c641-42fc-8085-60519b40820b",2025-10-31T16:00:00Z,"November 2025 SKS Pavillion B-31-03",1600,323.64,2300,323.64,1816.36,"https://colivingmanagement.bukku.my/l/aDAcG4UbR6","https://colivingmanagement.bukku.my/l/aXUdRrlGv8","https://download-files.wixmp.com/ugd/a1b068_d88b04f2bee74cbd963dd0af3c214a05.pdf?token=eyJhbGciOiJIUzI1NiIsInR5cCI6IkpXVCJ9.eyJvYmoiOltbeyJwYXRoIjoiL3VnZC9hMWIwNjhfZDg4YjA0ZjJiZWU3NGNiZDk2M2RkMGFmM2MyMTRhMDUucGRmIn1dXSwiZGlzIjp7ImZpbGVuYW1lIjoiMjAyNV9TS1NfUGF2aWxsaW9uX0ItMzEtMDMucGRmIiwidHlwZSI6ImF0dGFjaG1lbnQifSwiYXVkIjpbInVybjpzZXJ2aWNlOmZpbGUuZG93bmxvYWQiXSwiZXhwIjoxNzY1MjI1NzM0LCJqdGkiOiI5OTVlZTA2Yy0xNDMzLTQxOWItYTA5My00NmQ1NGQyMTA2ZWEiLCJpYXQiOjE3NjUxODk3MzQsImlzcyI6InVybjphcHA6ZTY2NjMwZTcxNGYwNDkwYWFlYTFmMTQ5YjNiNjllMzIiLCJzdWIiOiJ1cm46YXBwOmU2NjYzMGU3MTRmMDQ5MGFhZWExZjE0OWIzYjY5ZTMyIn0.rj5uW_GSfhmnVA38mVEiOWgcQa2RnPpm2piHtF7YlEQ","817f6510-47ac-4f8f-9828-d2fd91cb406f",
"430fc5b6-443e-4580-b3c7-2843164ef504",2025-09-17T06:33:23Z,2026-02-20T08:24:26Z,"bad279a4-e309-4354-a70f-2a1b0818317f","4155d4f3-9438-448a-8c5e-d49dd1272646",2025-06-01T04:00:00Z,"June 2025 Meridin Bayvue B2-19-12",600,100,700,770.23,'-130.23,,,"https://drive.google.com/file/d/1dbqWRgmiVUZWIwnch731xVhTwMiSnudx/view?usp=sharing","817f6510-47ac-4f8f-9828-d2fd91cb406f",
"43163b7a-5cb5-48f5-bc39-17359a4d619f",2025-12-08T10:28:54Z,2026-02-20T08:24:26Z,"a1b06860-22d8-4493-ae60-65dfd19af60e","5981792a-cba0-4215-b391-e6c352f3f3bb",2025-10-31T16:00:00Z,"November 2025 Paragon Suite A-29-05",3300,1264.27,3630,1514.27,1785.73,"https://colivingmanagement.bukku.my/l/dYbxZ-1YXq","https://colivingmanagement.bukku.my/l/d-nznYmoXZ","https://download-files.wixmp.com/ugd/a1b068_8b3d91090acb4083a3f41ed1716769ef.pdf?token=eyJhbGciOiJIUzI1NiIsInR5cCI6IkpXVCJ9.eyJvYmoiOltbeyJwYXRoIjoiL3VnZC9hMWIwNjhfOGIzZDkxMDkwYWNiNDA4M2EzZjQxZWQxNzE2NzY5ZWYucGRmIn1dXSwiZGlzIjp7ImZpbGVuYW1lIjoiMjAyNV9QYXJhZ29uX1N1aXRlX0EtMjktMDUucGRmIiwidHlwZSI6ImF0dGFjaG1lbnQifSwiYXVkIjpbInVybjpzZXJ2aWNlOmZpbGUuZG93bmxvYWQiXSwiZXhwIjoxNzY1MjI1NzI1LCJqdGkiOiJmZDQ3M2NiOC03ZDU4LTQxZmQtOTEyMy00NzgwZDQyNzY1ZjciLCJpYXQiOjE3NjUxODk3MjUsImlzcyI6InVybjphcHA6ZTY2NjMwZTcxNGYwNDkwYWFlYTFmMTQ5YjNiNjllMzIiLCJzdWIiOiJ1cm46YXBwOmU2NjYzMGU3MTRmMDQ5MGFhZWExZjE0OWIzYjY5ZTMyIn0.NPmDOmLfde4i5AE8oLjOjK7MF1r2p_dcepGjByDQkac","817f6510-47ac-4f8f-9828-d2fd91cb406f",
"4424a66c-6f37-4399-ba8b-8dfd56e9fa36",2025-09-17T06:33:23Z,2026-02-20T08:24:26Z,"bad279a4-e309-4354-a70f-2a1b0818317f","2cf0712d-2d16-4843-b80e-a2b438b20421",2025-04-01T04:00:00Z,"April 2025 Meridin Bayvue B1-22-09",1800,250,2050,956.26,913.74,,,"https://drive.google.com/file/d/1RYpPQgzkY6345Tr4hSnBNcfnpK_y2L2j/view?usp=sharing","817f6510-47ac-4f8f-9828-d2fd91cb406f",
"45073257-cf0d-4d2f-adaf-48500d62dc24",2025-09-17T06:33:23Z,2026-02-20T08:24:26Z,"bad279a4-e309-4354-a70f-2a1b0818317f","52890ac5-9a4d-40d0-80d2-2bbb8d13709b",2025-03-01T04:00:00Z,"March 2025 Paragon Suite B-23-07",2350,150,2500,564.05,1700.95,,,,"817f6510-47ac-4f8f-9828-d2fd91cb406f",
"45516f2f-20b4-4b89-9b26-ab02c418a310",2026-03-10T10:23:55Z,2026-03-10T10:52:11Z,"a1b06860-22d8-4493-ae60-65dfd19af60e","2cf0712d-2d16-4843-b80e-a2b438b20421",2026-01-31T16:00:00Z,"February 2026 Meridin Bayvue B1-22-09",2100,584.71,2270,584.71,1475.29,"https://colivingmanagement.bukku.my/l/brq1eZKE98","https://colivingmanagement.bukku.my/l/bycJ3gsd_1","wix:document://v1/a1b068_17e75e88d5ab4aa5a1c4a6c049352e63.pdf/2026_Meridin_Bayvue_B1-22-09.pdf","817f6510-47ac-4f8f-9828-d2fd91cb406f",
"45890c5b-7e94-4e4f-a57c-226fd4ed3cb1",2025-09-17T06:33:23Z,2026-02-20T08:24:26Z,"bad279a4-e309-4354-a70f-2a1b0818317f","4155d4f3-9438-448a-8c5e-d49dd1272646",2025-04-01T04:00:00Z,"April 2025 Meridin Bayvue B2-19-12",1200,150,1350,11378.06,'-102.17,,,"https://drive.google.com/file/d/1HXqFeTR20Q2X9wFjfzOvmcuLAPq3wEOS/view?usp=sharing","817f6510-47ac-4f8f-9828-d2fd91cb406f",
"464b1e85-276c-4c6d-a580-55cfecd11d21",2025-11-07T09:32:45Z,2026-02-20T08:24:26Z,"a1b06860-22d8-4493-ae60-65dfd19af60e","2cf0712d-2d16-4843-b80e-a2b438b20421",2025-09-30T16:00:00Z,"October 2025 Meridin Bayvue B1-22-09",2200,718.06,2400,718.06,1461.94,"https://colivingmanagement.bukku.my/l/cOmAX4tc31","https://colivingmanagement.bukku.my/l/cWiot31UJX","https://download-files.wixmp.com/ugd/a1b068_834abaaeadf748048d59371c5fb56dcb.pdf?token=eyJhbGciOiJIUzI1NiIsInR5cCI6IkpXVCJ9.eyJvYmoiOltbeyJwYXRoIjoiL3VnZC9hMWIwNjhfODM0YWJhYWVhZGY3NDgwNDhkNTkzNzFjNWZiNTZkY2IucGRmIn1dXSwiZGlzIjp7ImZpbGVuYW1lIjoiMjAyNV9NZXJpZGluX0JheXZ1ZV9CMS0yMi0wOS5wZGYiLCJ0eXBlIjoiYXR0YWNobWVudCJ9LCJhdWQiOlsidXJuOnNlcnZpY2U6ZmlsZS5kb3dubG9hZCJdLCJleHAiOjE3Njc2OTE5NTcsImp0aSI6ImNhNTQ1MGY3LTIxYTktNGI2NC04ODRkLWZhYjk2MTgxOTU3MSIsImlhdCI6MTc2MjUwNzk1NywiaXNzIjoidXJuOmFwcDplNjY2MzBlNzE0ZjA0OTBhYWVhMWYxNDliM2I2OWUzMiIsInN1YiI6InVybjphcHA6ZTY2NjMwZTcxNGYwNDkwYWFlYTFmMTQ5YjNiNjllMzIifQ.H6XsPgE4yhR9TkChEkQt7se5jQ9A6bsLwPzRWvmIHIA","817f6510-47ac-4f8f-9828-d2fd91cb406f",
"49028060-4c75-4a47-b533-05b81baf9e39",2025-10-09T06:07:50Z,2026-02-20T08:24:26Z,"bad279a4-e309-4354-a70f-2a1b0818317f","92f3ecef-c641-42fc-8085-60519b40820b",2025-09-01T04:00:00Z,"September 2025 SKS Pavillion B-31-03",2300,150,2450,588.19,1631.81,"https://colivingmanagement.bukku.my/l/bqBYh_MZOX","https://colivingmanagement.bukku.my/l/dA_WMmSVFX","https://drive.google.com/file/d/1C3wE7fWWfPDtN97zi-Pkb4eobxiXjXNe/view?usp=sharing","817f6510-47ac-4f8f-9828-d2fd91cb406f",
"4c846369-76fc-420e-8287-07b4f0695ded",2025-09-17T06:33:23Z,2026-02-20T08:24:26Z,"bad279a4-e309-4354-a70f-2a1b0818317f","2cf0712d-2d16-4843-b80e-a2b438b20421",2025-07-01T04:00:00Z,"July 2025 Meridin Bayvue B1-22-09",2100,50,2150,546.31,1403.69,,,"https://drive.google.com/file/d/1rtqrJUmwqmYSYdcN0B5owFYy5pJmcNeo/view?usp=sharing","817f6510-47ac-4f8f-9828-d2fd91cb406f",
"4e23e982-59b0-49d7-9a8e-f38d5f6a14b0",2025-09-17T06:33:23Z,2026-02-20T08:24:26Z,"bad279a4-e309-4354-a70f-2a1b0818317f","4155d4f3-9438-448a-8c5e-d49dd1272646",2025-05-01T04:00:00Z,"May 2025 Meridin Bayvue B2-19-12",0,0,0,413.19,'-413.19,,,"https://drive.google.com/file/d/1a_jLi5-B1tz4njPoKLque6WFHAMv3vd5/view?usp=sharing","817f6510-47ac-4f8f-9828-d2fd91cb406f",
"4e277c92-1d4f-4b19-be17-4e03d8c0b9f5",2025-09-17T06:33:23Z,2026-02-20T08:24:26Z,"bad279a4-e309-4354-a70f-2a1b0818317f","92f3ecef-c641-42fc-8085-60519b40820b",2025-05-01T04:00:00Z,"May 2025 SKS Pavillion B-31-03",2300,200,2500,1922.75,347.25,,,"https://drive.google.com/file/d/1Mvk0PMOuYetkYIN6msAih48pxMeTFE6p/view?usp=sharing","817f6510-47ac-4f8f-9828-d2fd91cb406f",
"4f6bf787-97f8-480a-8652-064f513cb42d",2025-09-10T09:34:36Z,2026-02-20T08:24:26Z,"bad279a4-e309-4354-a70f-2a1b0818317f","52890ac5-9a4d-40d0-80d2-2bbb8d13709b",2025-08-01T04:00:00Z,"August 2025 Paragon Suite B-23-07",4250,350,4600,922.27,2587.73,"https://colivingmanagement.bukku.my/l/d4ixFie5_-","https://colivingmanagement.bukku.my/l/bunrf-3iRA","https://drive.google.com/file/d/1sF31oGZNUPw0MIF9_o781m_I7r99oOPI/view?usp=sharing","817f6510-47ac-4f8f-9828-d2fd91cb406f",
"5025e191-5c52-4cb8-be24-3b09dcd22cd2",2026-02-10T07:29:01Z,2026-04-07T16:55:13Z,"a1b06860-22d8-4493-ae60-65dfd19af60e","31e9f13e-8494-4000-bee6-85306326a98a",2025-12-31T16:00:00Z,"January 2026 Aliff Residences B-13-07",2050,1133.82,2360,1133.82,1021.18,"https://colivingmanagement.bukku.my/l/dJU6wBhfyb","https://colivingmanagement.bukku.my/l/cXiCZIiIZm","wix:document://v1/a1b068_c1b3186a62cb4f1aab4b09cf1d94111a.pdf/2026_Aliff_Residences_B-13-07.pdf","817f6510-47ac-4f8f-9828-d2fd91cb406f",
"51bab008-5c5b-43f3-9fce-9f27cfcd5fb7",2025-09-17T06:33:23Z,2026-02-20T08:24:26Z,"bad279a4-e309-4354-a70f-2a1b0818317f","c0fba2d6-05e0-4b27-9cb7-a281e6430ac9",2025-01-01T04:00:00Z,"January 2025 Meridin Bayvue B1-07-13a",1800,0,1800,824.15,795.85,,,,"817f6510-47ac-4f8f-9828-d2fd91cb406f",
"55241eef-479e-4e55-9aed-2bedc6077eba",2025-10-09T06:07:28Z,2026-02-20T08:24:26Z,"bad279a4-e309-4354-a70f-2a1b0818317f","ab2f9b6a-402a-4593-a939-f306dc976067",2025-09-01T04:00:00Z,"September 2025 Paragon Suite A-18-05",1430,150,1580,828.54,608.46,"https://colivingmanagement.bukku.my/l/aVPlJbb6hy","https://colivingmanagement.bukku.my/l/dPsp5V3H28","https://drive.google.com/file/d/1RLuL1wG4rz1YUuZKmzynYUoxKGeeaHl_/view?usp=sharing","817f6510-47ac-4f8f-9828-d2fd91cb406f",
"55d7c16d-d1aa-44be-a8ae-09bd0851cbfe",2026-01-09T04:29:01Z,2026-02-20T08:24:26Z,"a1b06860-22d8-4493-ae60-65dfd19af60e","3faf9896-9e64-4092-93ec-603e692bae24",2025-11-30T16:00:00Z,"December 2025 Meridin Bayvue B1-20-03a",2900,757.51,3160,757.51,2112.49,"https://colivingmanagement.bukku.my/l/c1UM4ZLC_q","https://colivingmanagement.bukku.my/l/cBXiIIZeQz","https://download-files.wixmp.com/ugd/a1b068_daee37a4e2fb4074acdff49835d7dfe3.pdf?token=eyJhbGciOiJIUzI1NiIsInR5cCI6IkpXVCJ9.eyJvYmoiOltbeyJwYXRoIjoiL3VnZC9hMWIwNjhfZGFlZTM3YTRlMmZiNDA3NGFjZGZmNDk4MzVkN2RmZTMucGRmIn1dXSwiZGlzIjp7ImZpbGVuYW1lIjoiMjAyNV9NZXJpZGluX0JheXZ1ZV9CMS0yMC0wM2EucGRmIiwidHlwZSI6ImF0dGFjaG1lbnQifSwiYXVkIjpbInVybjpzZXJ2aWNlOmZpbGUuZG93bmxvYWQiXSwiZXhwIjoxNzY3OTY4OTM0LCJqdGkiOiJlMWI2Mzk5Ny0zNzA0LTQxMTYtOGQ2Yy05YmNjMjM5OGNhOTciLCJpYXQiOjE3Njc5MzI5MzQsImlzcyI6InVybjphcHA6ZTY2NjMwZTcxNGYwNDkwYWFlYTFmMTQ5YjNiNjllMzIiLCJzdWIiOiJ1cm46YXBwOmU2NjYzMGU3MTRmMDQ5MGFhZWExZjE0OWIzYjY5ZTMyIn0.CaTZDA7Or2BaGcNlqfwYmCtF66q5sIF42gWhk85jq64","817f6510-47ac-4f8f-9828-d2fd91cb406f",
"59f9b11b-4018-472d-80b5-d416dfbb4e1a",2026-04-10T02:49:48Z,2026-04-10T02:52:05Z,"a1b06860-22d8-4493-ae60-65dfd19af60e","f18c6f5a-eccf-4af8-9334-721d98013a6d",2026-02-28T16:00:00Z,"March 2026 Paragon Suite B-27-03",2400,933.2,2400,933.2,1346.8,"https://colivingmanagement.bukku.my/l/dK9WYNp91L","https://colivingmanagement.bukku.my/l/aSgiEfykO3","wix:document://v1/a1b068_d7ecb20906794edeb594bdf7f3dd3e2c.pdf/2026_Paragon_Suite_B-27-03.pdf",,
"5af459e8-1c5d-4456-a79d-a4cbd1ef6060",2025-09-17T06:33:23Z,2026-02-20T08:24:26Z,"bad279a4-e309-4354-a70f-2a1b0818317f","2cf0712d-2d16-4843-b80e-a2b438b20421",2025-03-01T04:00:00Z,"March 2025 Meridin Bayvue B1-22-09",1200,50,1250,654.41,475.59,,,,"817f6510-47ac-4f8f-9828-d2fd91cb406f",
"5d3db988-e413-4543-91b8-f876b73930fd",2025-10-09T06:07:05Z,2026-02-20T08:24:26Z,"bad279a4-e309-4354-a70f-2a1b0818317f","beaf7c8c-e161-4e8f-b30e-376c0d94be25",2025-09-01T04:00:00Z,"September 2025 Meridin Bayvue B1-10-05",2600,80,2680,645.16,1774.84,"https://colivingmanagement.bukku.my/l/apG5MGLrRj","https://colivingmanagement.bukku.my/l/by2hZYOogl","https://drive.google.com/file/d/1Iqb3rOELrsp-wm17WQV-5Q5NJ4VS9rtQ/view?usp=sharing","817f6510-47ac-4f8f-9828-d2fd91cb406f",
"6042729c-9913-4a7c-b7ed-06d495c370a2",2025-11-07T09:32:04Z,2026-02-20T08:24:26Z,"a1b06860-22d8-4493-ae60-65dfd19af60e","52890ac5-9a4d-40d0-80d2-2bbb8d13709b",2025-09-30T16:00:00Z,"October 2025 Paragon Suite B-23-07",4250,701.97,4490,2301.97,1763.03,"https://colivingmanagement.bukku.my/l/dVHtE9V7QN","https://colivingmanagement.bukku.my/l/c4Fird-K4F","https://download-files.wixmp.com/ugd/a1b068_050ca70f2525482783d5669752ea18aa.pdf?token=eyJhbGciOiJIUzI1NiIsInR5cCI6IkpXVCJ9.eyJvYmoiOltbeyJwYXRoIjoiL3VnZC9hMWIwNjhfMDUwY2E3MGYyNTI1NDgyNzgzZDU2Njk3NTJlYTE4YWEucGRmIn1dXSwiZGlzIjp7ImZpbGVuYW1lIjoiMjAyNV9QYXJhZ29uX1N1aXRlX0ItMjMtMDcucGRmIiwidHlwZSI6ImF0dGFjaG1lbnQifSwiYXVkIjpbInVybjpzZXJ2aWNlOmZpbGUuZG93bmxvYWQiXSwiZXhwIjoxNzY3NjkxOTE2LCJqdGkiOiIxZDQzODZiYS00N2ZjLTQ1MzEtYjYzMC1jNjAyM2MwYjZiYTIiLCJpYXQiOjE3NjI1MDc5MTYsImlzcyI6InVybjphcHA6ZTY2NjMwZTcxNGYwNDkwYWFlYTFmMTQ5YjNiNjllMzIiLCJzdWIiOiJ1cm46YXBwOmU2NjYzMGU3MTRmMDQ5MGFhZWExZjE0OWIzYjY5ZTMyIn0.dUmuq9FbqBj7xUhtCsLoDtqmSLBRV2Wq2bpttiic8Kk","817f6510-47ac-4f8f-9828-d2fd91cb406f",
"626a2e2d-d992-4d17-81e7-16382b8df0c8",2025-11-07T09:32:53Z,2026-02-20T08:24:26Z,"a1b06860-22d8-4493-ae60-65dfd19af60e","3faf9896-9e64-4092-93ec-603e692bae24",2025-09-30T16:00:00Z,"October 2025 Meridin Bayvue B1-20-03a",2900,758.91,3260,758.91,2211.09,"https://colivingmanagement.bukku.my/l/amVjI23Z4f","https://colivingmanagement.bukku.my/l/cQAmaCFcE8","https://download-files.wixmp.com/ugd/a1b068_b82110003c024b23ad2bba76a58b7a6c.pdf?token=eyJhbGciOiJIUzI1NiIsInR5cCI6IkpXVCJ9.eyJvYmoiOltbeyJwYXRoIjoiL3VnZC9hMWIwNjhfYjgyMTEwMDAzYzAyNGIyM2FkMmJiYTc2YTU4YjdhNmMucGRmIn1dXSwiZGlzIjp7ImZpbGVuYW1lIjoiMjAyNV9NZXJpZGluX0JheXZ1ZV9CMS0yMC0wM2EucGRmIiwidHlwZSI6ImF0dGFjaG1lbnQifSwiYXVkIjpbInVybjpzZXJ2aWNlOmZpbGUuZG93bmxvYWQiXSwiZXhwIjoxNzY3NjkxOTY1LCJqdGkiOiJkMzhmZTlkYS03OWMxLTQ4N2EtOGY1ZS1iNzYwOGI4YjVhOGMiLCJpYXQiOjE3NjI1MDc5NjUsImlzcyI6InVybjphcHA6ZTY2NjMwZTcxNGYwNDkwYWFlYTFmMTQ5YjNiNjllMzIiLCJzdWIiOiJ1cm46YXBwOmU2NjYzMGU3MTRmMDQ5MGFhZWExZjE0OWIzYjY5ZTMyIn0.B-wNSoqSBKo_cXmDwmF6EJcMflmYRy4SU2kZulAonp8","817f6510-47ac-4f8f-9828-d2fd91cb406f",
"6314d849-4699-4e27-b906-7a5860ef946d",2025-09-17T06:33:23Z,2026-02-20T08:24:26Z,"bad279a4-e309-4354-a70f-2a1b0818317f","c0fba2d6-05e0-4b27-9cb7-a281e6430ac9",2025-04-01T04:00:00Z,"April 2025 Meridin Bayvue B1-07-13a",600,50,650,1163.95,'-634.05,,,"https://drive.google.com/file/d/1DPMU3hRa_XE6R8YaDF_gMUH3G5qo9s3E/view?usp=sharing","817f6510-47ac-4f8f-9828-d2fd91cb406f",
"6391181b-9124-4f5e-a8d5-1fbf1a7a2f1d",2025-09-17T06:33:23Z,2026-02-20T08:24:26Z,"bad279a4-e309-4354-a70f-2a1b0818317f","52890ac5-9a4d-40d0-80d2-2bbb8d13709b",2025-06-01T04:00:00Z,"June 2025 Paragon Suite B-23-07",4250,200,4450,875.49,3149.51,,,"https://drive.google.com/file/d/1LoTSBF9abDvjf9HbT8yNwjsKQEtc3NkD/view?usp=sharing","817f6510-47ac-4f8f-9828-d2fd91cb406f",
"64447472-cddb-482e-9561-61137ec3d54d",2025-09-17T06:33:23Z,2026-02-20T08:24:26Z,"bad279a4-e309-4354-a70f-2a1b0818317f","6db13fb0-3b98-43ff-b84c-7e4b5560a3b6",2025-04-01T04:00:00Z,"April 2025 Jalan Kuning Jalan Kuning",3500,600,4100,286.15,3463.85,,,"https://drive.google.com/file/d/11bOMwPFbelOp8vQBwFr8t5Yk7tbvnQD9/view?usp=sharing","817f6510-47ac-4f8f-9828-d2fd91cb406f",
"659c5696-5640-475b-8363-ba0aea930705",2026-01-09T04:29:15Z,2026-02-20T08:24:26Z,"a1b06860-22d8-4493-ae60-65dfd19af60e","f18c6f5a-eccf-4af8-9334-721d98013a6d",2025-11-30T16:00:00Z,"December 2025 Paragon Suite B-27-03",2400,774.4,2400,774.4,1505.6,"https://colivingmanagement.bukku.my/l/aYjdE23fLK","https://colivingmanagement.bukku.my/l/ayV6yCZ-01","https://download-files.wixmp.com/ugd/a1b068_17d8742a7434443ebaa94cf193253922.pdf?token=eyJhbGciOiJIUzI1NiIsInR5cCI6IkpXVCJ9.eyJvYmoiOltbeyJwYXRoIjoiL3VnZC9hMWIwNjhfMTdkODc0MmE3NDM0NDQzZWJhYTk0Y2YxOTMyNTM5MjIucGRmIn1dXSwiZGlzIjp7ImZpbGVuYW1lIjoiMjAyNV9QYXJhZ29uX1N1aXRlX0ItMjctMDMucGRmIiwidHlwZSI6ImF0dGFjaG1lbnQifSwiYXVkIjpbInVybjpzZXJ2aWNlOmZpbGUuZG93bmxvYWQiXSwiZXhwIjoxNzY3OTY4OTQ3LCJqdGkiOiJjNjMwYWFlNi02MTI0LTRmNGMtOGJkYS03NWYwMzdlY2ViYTMiLCJpYXQiOjE3Njc5MzI5NDcsImlzcyI6InVybjphcHA6ZTY2NjMwZTcxNGYwNDkwYWFlYTFmMTQ5YjNiNjllMzIiLCJzdWIiOiJ1cm46YXBwOmU2NjYzMGU3MTRmMDQ5MGFhZWExZjE0OWIzYjY5ZTMyIn0.pr2RamURVfeAGfZXfSP9Tyb3sAxNIRjKp7RkbhdNtkA","817f6510-47ac-4f8f-9828-d2fd91cb406f",
"66e09af8-59db-4017-9322-3095a21e8e22",2026-03-10T10:23:57Z,2026-03-10T10:52:08Z,"a1b06860-22d8-4493-ae60-65dfd19af60e","4155d4f3-9438-448a-8c5e-d49dd1272646",2026-01-31T16:00:00Z,"February 2026 Meridin Bayvue B2-19-12",2100,585.51,2100,1185.51,2700,"https://colivingmanagement.bukku.my/l/bhaYrGKh4t",,"wix:document://v1/a1b068_8c2faa4ea9bb4e22a3ea2f9e74d091fc.pdf/2026_Meridin_Bayvue_B2-19-12.pdf","817f6510-47ac-4f8f-9828-d2fd91cb406f",
"67a1c436-9456-4b66-ade2-402a070ade5d",2026-02-10T07:29:04Z,2026-04-07T16:55:11Z,"a1b06860-22d8-4493-ae60-65dfd19af60e","c0fba2d6-05e0-4b27-9cb7-a281e6430ac9",2025-12-31T16:00:00Z,"January 2026 Meridin Bayvue B1-07-13a",2300,656.8,2480,656.8,1593.2,"https://colivingmanagement.bukku.my/l/cd2X3P1m_7","https://colivingmanagement.bukku.my/l/aJZbNIb1ae","wix:document://v1/a1b068_e0d04ae6c4f5473791da2bdb42f618a1.pdf/2026_Meridin_Bayvue_B1-07-13a.pdf","817f6510-47ac-4f8f-9828-d2fd91cb406f",
"67cd2d68-1465-4cea-ac49-c5452fd50dcd",2025-10-09T06:07:13Z,2026-02-20T08:24:26Z,"bad279a4-e309-4354-a70f-2a1b0818317f","3faf9896-9e64-4092-93ec-603e692bae24",2025-09-01T04:00:00Z,"September 2025 Meridin Bayvue B1-20-03a",2900,299.9,3199,773.71,2136.19,"https://colivingmanagement.bukku.my/l/b0mTorq4ry","https://colivingmanagement.bukku.my/l/cUXekwFhnA","https://drive.google.com/file/d/1CggSJxL5gg8LcK41-G6mg6bVB_I-VAwl/view?usp=sharing","817f6510-47ac-4f8f-9828-d2fd91cb406f",
"681bb895-7a4e-4797-82ba-fa8b1a455e72",2026-04-10T02:49:33Z,2026-04-10T02:52:11Z,"a1b06860-22d8-4493-ae60-65dfd19af60e","31e9f13e-8494-4000-bee6-85306326a98a",2026-02-28T16:00:00Z,"March 2026 Aliff Residences B-13-07",2650,661.42,2890,1244.42,1380.58,"https://colivingmanagement.bukku.my/l/aOdRBpX0Ru","https://colivingmanagement.bukku.my/l/cD9tgvISoA","wix:document://v1/a1b068_f0310abca8eb40738e38b76c1b87e997.pdf/2026_Aliff_Residences_B-13-07.pdf",,
"688e6412-4cc6-4819-83b2-063ec5fc353d",2026-02-10T07:29:02Z,2026-04-07T16:55:12Z,"a1b06860-22d8-4493-ae60-65dfd19af60e","6db13fb0-3b98-43ff-b84c-7e4b5560a3b6",2025-12-31T16:00:00Z,"January 2026 Jalan Kuning Jalan Kuning",6231,865.39,6901,1215.39,5062.51,"https://colivingmanagement.bukku.my/l/btb6bQL7wX","https://colivingmanagement.bukku.my/l/bRGr0OnKkw","wix:document://v1/a1b068_cf3a4f237cad4bb889b6329926f70683.pdf/2026_Jalan_Kuning_Jalan_Kuning.pdf","817f6510-47ac-4f8f-9828-d2fd91cb406f",
"68c90c7d-8145-4129-bd47-7a9b0159ad3e",2026-02-10T07:29:15Z,2026-02-20T08:24:26Z,"a1b06860-22d8-4493-ae60-65dfd19af60e","a0d62ede-178c-474e-9247-d658a94562ed",2025-12-31T16:00:00Z,"January 2026 Paragon Suite B-22-07",0,0,0,0,0,,,"wix:document://v1/a1b068_e874661d82384180b28c3a0fd0e0cd6d.pdf/2026_Paragon_Suite_B-22-07.pdf","817f6510-47ac-4f8f-9828-d2fd91cb406f",
"68c9c78e-10df-4e1e-a296-3c783b079fe0",2025-09-17T06:33:23Z,2026-02-20T08:24:26Z,"bad279a4-e309-4354-a70f-2a1b0818317f","e83a5d2c-dd1e-422e-b3de-eeb6438cc45e",2025-02-01T04:00:00Z,"February 2025 SKS Pavillion B-21-01",4100,400,4500,1112.32,2987.68,,,,"817f6510-47ac-4f8f-9828-d2fd91cb406f",
"68fa61cf-a120-4f89-bd1b-5bd7b045abcd",2025-11-07T09:31:56Z,2026-02-20T08:24:26Z,"a1b06860-22d8-4493-ae60-65dfd19af60e","f18c6f5a-eccf-4af8-9334-721d98013a6d",2025-09-30T16:00:00Z,"October 2025 Paragon Suite B-27-03",2400,1085.7,2400,1085.7,1194.3,"https://colivingmanagement.bukku.my/l/ct9vD_qTU_","https://colivingmanagement.bukku.my/l/a4yMVrEbeQ","https://download-files.wixmp.com/ugd/a1b068_d78765d85b9c448aaf2e86b19a15dce9.pdf?token=eyJhbGciOiJIUzI1NiIsInR5cCI6IkpXVCJ9.eyJvYmoiOltbeyJwYXRoIjoiL3VnZC9hMWIwNjhfZDc4NzY1ZDg1YjljNDQ4YWFmMmU4NmIxOWExNWRjZTkucGRmIn1dXSwiZGlzIjp7ImZpbGVuYW1lIjoiMjAyNV9QYXJhZ29uX1N1aXRlX0ItMjctMDMucGRmIiwidHlwZSI6ImF0dGFjaG1lbnQifSwiYXVkIjpbInVybjpzZXJ2aWNlOmZpbGUuZG93bmxvYWQiXSwiZXhwIjoxNzY3NjkxOTA4LCJqdGkiOiI5YmM4OGVjYy03ZGRiLTQzMDUtYjE5Ny1lNmVlYjljOTVlMTQiLCJpYXQiOjE3NjI1MDc5MDgsImlzcyI6InVybjphcHA6ZTY2NjMwZTcxNGYwNDkwYWFlYTFmMTQ5YjNiNjllMzIiLCJzdWIiOiJ1cm46YXBwOmU2NjYzMGU3MTRmMDQ5MGFhZWExZjE0OWIzYjY5ZTMyIn0.TxtoSzWaSpHvqqwCOdcIp-QF0FF6AlVfwbssHuQ3bQc","817f6510-47ac-4f8f-9828-d2fd91cb406f",
"6a259d24-4d73-4e93-949e-372da20286a1",2026-01-09T04:29:10Z,2026-02-20T08:24:26Z,"a1b06860-22d8-4493-ae60-65dfd19af60e","5981792a-cba0-4215-b391-e6c352f3f3bb",2025-11-30T16:00:00Z,"December 2025 Paragon Suite A-29-05",5025,585.97,5415,1023.97,3888.53,"https://colivingmanagement.bukku.my/l/cBt3MMtixn","https://colivingmanagement.bukku.my/l/dCFso8wKHQ","https://download-files.wixmp.com/ugd/a1b068_6c067be6463447c3998d0a67b5a364ed.pdf?token=eyJhbGciOiJIUzI1NiIsInR5cCI6IkpXVCJ9.eyJvYmoiOltbeyJwYXRoIjoiL3VnZC9hMWIwNjhfNmMwNjdiZTY0NjM0NDdjMzk5OGQwYTY3YjVhMzY0ZWQucGRmIn1dXSwiZGlzIjp7ImZpbGVuYW1lIjoiMjAyNV9QYXJhZ29uX1N1aXRlX0EtMjktMDUucGRmIiwidHlwZSI6ImF0dGFjaG1lbnQifSwiYXVkIjpbInVybjpzZXJ2aWNlOmZpbGUuZG93bmxvYWQiXSwiZXhwIjoxNzY3OTY4OTQyLCJqdGkiOiJlZjdkY2UzMy0zNjI4LTRkY2EtOGQ1ZC02MTE2YmMxMjczMmQiLCJpYXQiOjE3Njc5MzI5NDIsImlzcyI6InVybjphcHA6ZTY2NjMwZTcxNGYwNDkwYWFlYTFmMTQ5YjNiNjllMzIiLCJzdWIiOiJ1cm46YXBwOmU2NjYzMGU3MTRmMDQ5MGFhZWExZjE0OWIzYjY5ZTMyIn0.M2tezSOZ2nGK5ns8dmA9gKsk9fw5NXyguj8ZxAIRUY4","817f6510-47ac-4f8f-9828-d2fd91cb406f",
"6c980b6c-c2a9-417a-a4ad-0193158b7019",2025-10-09T06:07:22Z,2026-02-20T08:24:26Z,"bad279a4-e309-4354-a70f-2a1b0818317f","4155d4f3-9438-448a-8c5e-d49dd1272646",2025-09-01T04:00:00Z,"September 2025 Meridin Bayvue B2-19-12",2700,0,2700,614.21,2700,"https://colivingmanagement.bukku.my/l/bYKYBpwbTJ","https://colivingmanagement.bukku.my/l/cGzGFmF7bk","https://drive.google.com/file/d/1yVCmkPaK2On4iLNu_ONlPzweYDP7laAk/view?usp=sharing","817f6510-47ac-4f8f-9828-d2fd91cb406f",
"6cba61dc-630f-4967-a56b-a4934bb6d9ec",2025-09-17T06:33:23Z,2026-02-20T08:24:26Z,"bad279a4-e309-4354-a70f-2a1b0818317f","6db13fb0-3b98-43ff-b84c-7e4b5560a3b6",2025-02-01T04:00:00Z,"February 2025 Jalan Kuning Jalan Kuning",4700,500,5200,446.23,4283.77,,,,"817f6510-47ac-4f8f-9828-d2fd91cb406f",
"6d3bbe22-2700-4ca1-8961-18944f4c0c98",2025-09-17T06:33:23Z,2026-02-20T08:24:26Z,"bad279a4-e309-4354-a70f-2a1b0818317f","4155d4f3-9438-448a-8c5e-d49dd1272646",2025-01-01T04:00:00Z,"January 2025 Meridin Bayvue B2-19-12",1150,100,1250,608.76,524.24,,,,"817f6510-47ac-4f8f-9828-d2fd91cb406f",
"70a0bd0f-29aa-4624-9f28-0901eb88fb7c",2025-12-08T10:28:42Z,2026-02-20T08:24:26Z,"a1b06860-22d8-4493-ae60-65dfd19af60e","31e9f13e-8494-4000-bee6-85306326a98a",2025-10-31T16:00:00Z,"November 2025 Aliff Residences B-13-07",2050,211.67,2300,211.67,1883.33,"https://colivingmanagement.bukku.my/l/dopqr_E_Vs","https://colivingmanagement.bukku.my/l/byq1IUEhM2","https://download-files.wixmp.com/ugd/a1b068_280df75e9a2b49658f2f7311268182c5.pdf?token=eyJhbGciOiJIUzI1NiIsInR5cCI6IkpXVCJ9.eyJvYmoiOltbeyJwYXRoIjoiL3VnZC9hMWIwNjhfMjgwZGY3NWU5YTJiNDk2NThmMmY3MzExMjY4MTgyYzUucGRmIn1dXSwiZGlzIjp7ImZpbGVuYW1lIjoiMjAyNV9BbGlmZl9SZXNpZGVuY2VzX0ItMTMtMDcucGRmIiwidHlwZSI6ImF0dGFjaG1lbnQifSwiYXVkIjpbInVybjpzZXJ2aWNlOmZpbGUuZG93bmxvYWQiXSwiZXhwIjoxNzY1MjI1NzE0LCJqdGkiOiI0MTBiZGY4Zi0xZjJmLTQwY2MtOTNmZC0yOGU5ZTNkNzJlNTgiLCJpYXQiOjE3NjUxODk3MTQsImlzcyI6InVybjphcHA6ZTY2NjMwZTcxNGYwNDkwYWFlYTFmMTQ5YjNiNjllMzIiLCJzdWIiOiJ1cm46YXBwOmU2NjYzMGU3MTRmMDQ5MGFhZWExZjE0OWIzYjY5ZTMyIn0.ywnTKopSYia3-QPKwZaiUXQnpM35E8ze3pnD_9HipWA","817f6510-47ac-4f8f-9828-d2fd91cb406f",
"70fda304-f6c5-4ba6-82e5-fe711c603435",2025-09-10T09:34:50Z,2026-02-20T08:24:26Z,"bad279a4-e309-4354-a70f-2a1b0818317f","6db13fb0-3b98-43ff-b84c-7e4b5560a3b6",2025-08-01T04:00:00Z,"August 2025 Jalan Kuning Jalan Kuning",6450,1150,7600,561.85,6261.38,"https://colivingmanagement.bukku.my/l/buBGSHmuXq","https://colivingmanagement.bukku.my/l/bk_UOTwvvz","https://drive.google.com/file/d/1vbPEriiRo1FLwCektpZQ6Q4MzvIjTQE7/view?usp=sharing","817f6510-47ac-4f8f-9828-d2fd91cb406f",
"71335cdd-9476-4a5a-9a81-35ffff42d646",2026-04-10T02:49:47Z,2026-04-10T02:51:18Z,"a1b06860-22d8-4493-ae60-65dfd19af60e","52890ac5-9a4d-40d0-80d2-2bbb8d13709b",2026-02-28T16:00:00Z,"March 2026 Paragon Suite B-23-07",3150,695.17,3350,695.17,2339.83,"https://colivingmanagement.bukku.my/l/dOzufs7E1J","https://colivingmanagement.bukku.my/l/dc3vjh_PTU","wix:document://v1/a1b068_9842cc27b9eb41a383f52e8bae7e96f8.pdf/2026_Paragon_Suite_B-23-07.pdf",,
"71c04db4-119c-44db-a7a9-30286f681d2f",2025-09-17T06:33:23Z,2026-02-20T08:24:26Z,"bad279a4-e309-4354-a70f-2a1b0818317f","beaf7c8c-e161-4e8f-b30e-376c0d94be25",2025-07-01T04:00:00Z,"July 2025 Meridin Bayvue B1-10-05",2600,50,2650,578.6,1811.4,,,"https://drive.google.com/file/d/1hXWJ8Pxu6grLMPn7hYBSgTWgY_w-mQUd/view?usp=sharing","817f6510-47ac-4f8f-9828-d2fd91cb406f",
"7519e0b3-53ee-4dbf-9d08-d1febd5ecae9",2026-03-15T19:08:39Z,2026-04-07T16:57:09Z,"a1b06860-22d8-4493-ae60-65dfd19af60e","f18c6f5a-eccf-4af8-9334-721d98013a6d",2026-01-31T16:00:00Z,"February 2026 Paragon Suite B-27-03",2400,571.2,2400,571.2,1708.8,"https://colivingmanagement.bukku.my/l/aCtjFtdEIa","https://colivingmanagement.bukku.my/l/aP_vdcQ3fc","wix:document://v1/a1b068_9391c6475bc24e97a2a739e24a876573.pdf/2026_Paragon_Suite_B-27-03.pdf",,
"764ab64b-3cfe-4993-9623-266d5eb90c93",2026-02-10T07:29:16Z,2026-04-07T16:55:06Z,"a1b06860-22d8-4493-ae60-65dfd19af60e","52890ac5-9a4d-40d0-80d2-2bbb8d13709b",2025-12-31T16:00:00Z,"January 2026 Paragon Suite B-23-07",3150,543.27,3280,543.27,2421.73,"https://colivingmanagement.bukku.my/l/dCDshkBt0l","https://colivingmanagement.bukku.my/l/b86fl62D8Y","wix:document://v1/a1b068_6ce157f0ab6a40f39a286f5f4db0f6c4.pdf/2026_Paragon_Suite_B-23-07.pdf","817f6510-47ac-4f8f-9828-d2fd91cb406f",
"76fa3fa3-55b2-41c3-88b1-d26484b032ae",2025-09-17T06:33:23Z,2026-02-20T08:24:26Z,"bad279a4-e309-4354-a70f-2a1b0818317f","4155d4f3-9438-448a-8c5e-d49dd1272646",2025-03-01T04:00:00Z,"March 2025 Meridin Bayvue B2-19-12",600,0,600,735.11,'-195.11,,,,"817f6510-47ac-4f8f-9828-d2fd91cb406f",
"788a4580-6e26-43c3-a69c-73df60d077dd",2026-01-09T04:29:06Z,2026-02-20T08:43:08Z,"a1b06860-22d8-4493-ae60-65dfd19af60e","4155d4f3-9438-448a-8c5e-d49dd1272646",2025-11-30T16:00:00Z,"December 2025 Meridin Bayvue B2-19-12",2700,764.76,2960,764.76,2195.24,"https://colivingmanagement.bukku.my/l/aYJrQFeuZy",,"https://download-files.wixmp.com/ugd/a1b068_3acd670c37614676ad75fc2449e97b13.pdf?token=eyJhbGciOiJIUzI1NiIsInR5cCI6IkpXVCJ9.eyJvYmoiOltbeyJwYXRoIjoiL3VnZC9hMWIwNjhfM2FjZDY3MGMzNzYxNDY3NmFkNzVmYzI0NDllOTdiMTMucGRmIn1dXSwiZGlzIjp7ImZpbGVuYW1lIjoiMjAyNV9NZXJpZGluX0JheXZ1ZV9CMi0xOS0xMi5wZGYiLCJ0eXBlIjoiYXR0YWNobWVudCJ9LCJhdWQiOlsidXJuOnNlcnZpY2U6ZmlsZS5kb3dubG9hZCJdLCJleHAiOjE3Njc5Njg5MzgsImp0aSI6Ijc2NWU4NDZlLTllNzItNGUzNC1hODM4LTQ2NmViZDYxYzE3YiIsImlhdCI6MTc2NzkzMjkzOCwiaXNzIjoidXJuOmFwcDplNjY2MzBlNzE0ZjA0OTBhYWVhMWYxNDliM2I2OWUzMiIsInN1YiI6InVybjphcHA6ZTY2NjMwZTcxNGYwNDkwYWFlYTFmMTQ5YjNiNjllMzIifQ.-LUq1jnbWX99h2yNzrke2QJnghohgqlxr1ciyiNqwIk","817f6510-47ac-4f8f-9828-d2fd91cb406f",true
"791e2b65-ccd1-4506-90b6-e751b6d5cf0b",2025-10-09T06:07:19Z,2026-02-20T08:24:26Z,"bad279a4-e309-4354-a70f-2a1b0818317f","2cf0712d-2d16-4843-b80e-a2b438b20421",2025-09-01T04:00:00Z,"September 2025 Meridin Bayvue B1-22-09",2700,230,2930,652.56,2007.44,"https://colivingmanagement.bukku.my/l/c-vxGsMLv9","https://colivingmanagement.bukku.my/l/cYJZBTFvXY","https://drive.google.com/file/d/1qLp3cwGhrJB_3-zMjNzJFcrj-j2klGrL/view?usp=sharing","817f6510-47ac-4f8f-9828-d2fd91cb406f",
"79f55138-bd41-4115-abae-4693f6771dda",2025-09-10T09:34:02Z,2026-02-20T08:24:26Z,"bad279a4-e309-4354-a70f-2a1b0818317f","beaf7c8c-e161-4e8f-b30e-376c0d94be25",2025-08-01T04:00:00Z,"August 2025 Meridin Bayvue B1-10-05",2600,50,2650,1175.1,1214.9,"https://colivingmanagement.bukku.my/l/d4gXZZJCcG","https://colivingmanagement.bukku.my/l/bxlL_Zu_rn","https://drive.google.com/file/d/1a_N9WscSsvizMwu9bOuYxo1HI1Jixsr8/view?usp=sharing","817f6510-47ac-4f8f-9828-d2fd91cb406f",
"7a6b5428-222f-4de1-b98e-3b574b9b9f63",2025-09-17T06:33:23Z,2026-02-20T08:24:26Z,"bad279a4-e309-4354-a70f-2a1b0818317f","52890ac5-9a4d-40d0-80d2-2bbb8d13709b",2025-04-01T04:00:00Z,"April 2025 Paragon Suite B-23-07",2350,200,2550,880.79,1434.21,,,"https://drive.google.com/file/d/18RMpS1meC-QzzF7KufNMzouIUma7zf3n/view?usp=sharing","817f6510-47ac-4f8f-9828-d2fd91cb406f",
"7fea3f4d-18f9-4b78-9986-7af3f4aaf76a",2025-11-07T09:32:34Z,2026-02-20T08:24:26Z,"a1b06860-22d8-4493-ae60-65dfd19af60e","4155d4f3-9438-448a-8c5e-d49dd1272646",2025-09-30T16:00:00Z,"October 2025 Meridin Bayvue B2-19-12",2100,567.31,2180,867.31,2700,"https://colivingmanagement.bukku.my/l/dYkEDlgPoF","https://colivingmanagement.bukku.my/l/dUAlTaaOLt","https://download-files.wixmp.com/ugd/a1b068_60696d7c459e41828b62c83ef779ad81.pdf?token=eyJhbGciOiJIUzI1NiIsInR5cCI6IkpXVCJ9.eyJvYmoiOltbeyJwYXRoIjoiL3VnZC9hMWIwNjhfNjA2OTZkN2M0NTllNDE4MjhiNjJjODNlZjc3OWFkODEucGRmIn1dXSwiZGlzIjp7ImZpbGVuYW1lIjoiMjAyNV9NZXJpZGluX0JheXZ1ZV9CMi0xOS0xMi5wZGYiLCJ0eXBlIjoiYXR0YWNobWVudCJ9LCJhdWQiOlsidXJuOnNlcnZpY2U6ZmlsZS5kb3dubG9hZCJdLCJleHAiOjE3Njc2OTE5NDYsImp0aSI6Ijc5YWY4MzI5LWQ5NTItNDFhZS05MjQ0LTU4NWFmOGUwNGFkNSIsImlhdCI6MTc2MjUwNzk0NiwiaXNzIjoidXJuOmFwcDplNjY2MzBlNzE0ZjA0OTBhYWVhMWYxNDliM2I2OWUzMiIsInN1YiI6InVybjphcHA6ZTY2NjMwZTcxNGYwNDkwYWFlYTFmMTQ5YjNiNjllMzIifQ.BQxfgAZx7DFo5fNoznqqIPGm3zlUNFE-1XHLhlWHHbY","817f6510-47ac-4f8f-9828-d2fd91cb406f",
"81be6233-7e4e-4c07-a744-0a11696f5e8c",2025-09-17T06:33:23Z,2026-02-20T08:24:26Z,"bad279a4-e309-4354-a70f-2a1b0818317f","52890ac5-9a4d-40d0-80d2-2bbb8d13709b",2025-02-01T04:00:00Z,"February 2025 Paragon Suite B-23-07",3730,150,3880,701.3,2805.7,,,,"817f6510-47ac-4f8f-9828-d2fd91cb406f",
"81d14e0f-a3f1-4f71-9e77-7fa6349bb1e7",2025-09-17T06:33:23Z,2026-02-20T08:24:26Z,"bad279a4-e309-4354-a70f-2a1b0818317f","92f3ecef-c641-42fc-8085-60519b40820b",2025-02-01T04:00:00Z,"February 2025 SKS Pavillion B-31-03",0,0,0,7,'-7,,,,"817f6510-47ac-4f8f-9828-d2fd91cb406f",
"8318e072-f7c8-4554-af2a-a4249e3d2836",2025-12-08T10:28:57Z,2026-02-20T08:24:26Z,"a1b06860-22d8-4493-ae60-65dfd19af60e","52890ac5-9a4d-40d0-80d2-2bbb8d13709b",2025-10-31T16:00:00Z,"November 2025 Paragon Suite B-23-07",4250,708.72,4410,708.72,3276.28,"https://colivingmanagement.bukku.my/l/dE0gJzyhi7","https://colivingmanagement.bukku.my/l/cdECeKVOPj","https://download-files.wixmp.com/ugd/a1b068_160368afc1354675acc113a825b58516.pdf?token=eyJhbGciOiJIUzI1NiIsInR5cCI6IkpXVCJ9.eyJvYmoiOltbeyJwYXRoIjoiL3VnZC9hMWIwNjhfMTYwMzY4YWZjMTM1NDY3NWFjYzExM2E4MjViNTg1MTYucGRmIn1dXSwiZGlzIjp7ImZpbGVuYW1lIjoiMjAyNV9QYXJhZ29uX1N1aXRlX0ItMjMtMDcucGRmIiwidHlwZSI6ImF0dGFjaG1lbnQifSwiYXVkIjpbInVybjpzZXJ2aWNlOmZpbGUuZG93bmxvYWQiXSwiZXhwIjoxNzY1MjI1NzI5LCJqdGkiOiI0ODQ0YjdiYS0xMTA0LTQwNTktYmY5OC0wNGVkMGUwNjI0N2YiLCJpYXQiOjE3NjUxODk3MjksImlzcyI6InVybjphcHA6ZTY2NjMwZTcxNGYwNDkwYWFlYTFmMTQ5YjNiNjllMzIiLCJzdWIiOiJ1cm46YXBwOmU2NjYzMGU3MTRmMDQ5MGFhZWExZjE0OWIzYjY5ZTMyIn0.saf9I4QxdjzxlsBMzP2ElweRJXoXC0yokScVQUg2qwg","817f6510-47ac-4f8f-9828-d2fd91cb406f",
"848518ea-e580-488d-9404-646ab54573b6",2025-09-10T09:34:46Z,2026-02-20T08:24:26Z,"bad279a4-e309-4354-a70f-2a1b0818317f","1119da1b-7b56-4b65-9ca1-800757e29764",2025-08-01T04:00:00Z,"August 2025 Tri Tower A-18-03",3350,100,3450,190,3023.23,"https://colivingmanagement.bukku.my/l/cipEQZlTbC","https://colivingmanagement.bukku.my/l/d5wxYhJ57W","https://drive.google.com/file/d/1aitiLtmdx2x9B9mkqrBFTrZCYXNp0Iuz/view?usp=sharing","817f6510-47ac-4f8f-9828-d2fd91cb406f",
"876f5281-e058-4fe6-a32b-2a4a9bfb103b",2026-03-10T10:23:54Z,2026-03-10T10:52:12Z,"a1b06860-22d8-4493-ae60-65dfd19af60e","3faf9896-9e64-4092-93ec-603e692bae24",2026-01-31T16:00:00Z,"February 2026 Meridin Bayvue B1-20-03a",2900,700.46,2980,1000.46,1689.54,"https://colivingmanagement.bukku.my/l/cZTdS_dQOg","https://colivingmanagement.bukku.my/l/cVqcA3unSZ","wix:document://v1/a1b068_43da06567eee442cb360b57a2c9e7672.pdf/2026_Meridin_Bayvue_B1-20-03a.pdf","817f6510-47ac-4f8f-9828-d2fd91cb406f",
"896e5689-b772-443c-9a6b-e00655a16974",2025-09-17T06:33:23Z,2026-02-20T08:24:26Z,"bad279a4-e309-4354-a70f-2a1b0818317f","3faf9896-9e64-4092-93ec-603e692bae24",2025-01-01T04:00:00Z,"January 2025 Meridin Bayvue B1-20-03a",1700,100,1800,54.66,1575.34,,,,"817f6510-47ac-4f8f-9828-d2fd91cb406f",
"8983ebf0-5dcc-4203-842e-74a2b0df02b0",2025-09-17T06:33:23Z,2026-02-20T08:24:26Z,"bad279a4-e309-4354-a70f-2a1b0818317f","3faf9896-9e64-4092-93ec-603e692bae24",2025-07-01T04:00:00Z,"July 2025 Meridin Bayvue B1-20-03a",2300,450,2750,703.91,1816.09,,,"https://drive.google.com/file/d/1h2DMfyAPDDPaH_M6_cuLYbKDZTPcntTC/view?usp=sharing","817f6510-47ac-4f8f-9828-d2fd91cb406f",
"8a5bd121-c6ee-4006-bc11-799b6a4f3f92",2025-10-09T06:07:31Z,2026-02-20T08:24:26Z,"bad279a4-e309-4354-a70f-2a1b0818317f","5981792a-cba0-4215-b391-e6c352f3f3bb",2025-09-01T04:00:00Z,"September 2025 Paragon Suite A-29-05",2100,100,2200,887.07,1102.93,"https://colivingmanagement.bukku.my/l/c2nI1JFejU","https://colivingmanagement.bukku.my/l/aiYuekYn0q","https://drive.google.com/file/d/1rJQ8GAeD5_Zbq1nQ3Dic3GaFb-guelHW/view?usp=sharing","817f6510-47ac-4f8f-9828-d2fd91cb406f",
"90ec278f-1b48-4e86-9149-fb79c1da37ce",2025-09-17T06:33:23Z,2026-02-20T08:24:26Z,"bad279a4-e309-4354-a70f-2a1b0818317f","5981792a-cba0-4215-b391-e6c352f3f3bb",2025-04-01T04:00:00Z,"April 2025 Paragon Suite A-29-05",2300,250,2550,1966.28,353.72,,,"https://drive.google.com/file/d/1K4sXUxhnLwk_g6Ih63o0_7eQmRxhR0M-/view?usp=sharing","817f6510-47ac-4f8f-9828-d2fd91cb406f",
"91645847-0443-4d54-9808-4fa9b71aaa87",2026-01-09T04:29:11Z,2026-02-20T08:24:26Z,"a1b06860-22d8-4493-ae60-65dfd19af60e","a0d62ede-178c-474e-9247-d658a94562ed",2025-11-30T16:00:00Z,"December 2025 Paragon Suite B-22-07",0,0,0,0,0,,,"https://download-files.wixmp.com/ugd/a1b068_4efa1cbc35e445568fd34ab782c6f7eb.pdf?token=eyJhbGciOiJIUzI1NiIsInR5cCI6IkpXVCJ9.eyJvYmoiOltbeyJwYXRoIjoiL3VnZC9hMWIwNjhfNGVmYTFjYmMzNWU0NDU1NjhmZDM0YWI3ODJjNmY3ZWIucGRmIn1dXSwiZGlzIjp7ImZpbGVuYW1lIjoiMjAyNV9QYXJhZ29uX1N1aXRlX0ItMjItMDcucGRmIiwidHlwZSI6ImF0dGFjaG1lbnQifSwiYXVkIjpbInVybjpzZXJ2aWNlOmZpbGUuZG93bmxvYWQiXSwiZXhwIjoxNzY3OTY4OTQzLCJqdGkiOiJlMjVhNTQwZS00NTRlLTQ0NTUtYjJlYi1jOWVlMDZlM2Q5YzQiLCJpYXQiOjE3Njc5MzI5NDMsImlzcyI6InVybjphcHA6ZTY2NjMwZTcxNGYwNDkwYWFlYTFmMTQ5YjNiNjllMzIiLCJzdWIiOiJ1cm46YXBwOmU2NjYzMGU3MTRmMDQ5MGFhZWExZjE0OWIzYjY5ZTMyIn0.sMwmgYiMOiEWgg-dgytxGikltqVZ66GW8eFKn-bzkSE","817f6510-47ac-4f8f-9828-d2fd91cb406f",
"951f7c24-9afc-4222-9ddb-2baac7ccbb9a",2025-09-10T09:34:08Z,2026-02-20T08:24:26Z,"bad279a4-e309-4354-a70f-2a1b0818317f","2cf0712d-2d16-4843-b80e-a2b438b20421",2025-08-01T04:00:00Z,"August 2025 Meridin Bayvue B1-22-09",2200,100,2300,801.03,1278.97,"https://colivingmanagement.bukku.my/l/bM_1g9G9FA","https://colivingmanagement.bukku.my/l/c89d0JmYcL","https://drive.google.com/file/d/1DnZ-RSYN2nU0_PYwPuzmNddo20V1PTz6/view?usp=sharing","817f6510-47ac-4f8f-9828-d2fd91cb406f",
"95735c08-e8e9-499f-bf0f-b8d90140a52d",2025-09-17T06:33:23Z,2026-02-20T08:24:26Z,"bad279a4-e309-4354-a70f-2a1b0818317f","4155d4f3-9438-448a-8c5e-d49dd1272646",2025-02-01T04:00:00Z,"February 2025 Meridin Bayvue B2-19-12",1200,,1200,575.21,504.79,,,,"817f6510-47ac-4f8f-9828-d2fd91cb406f",
"96ce1017-479f-4aff-9d50-7b6f44bb3af0",2025-09-10T09:34:42Z,2026-02-20T08:24:26Z,"bad279a4-e309-4354-a70f-2a1b0818317f","92f3ecef-c641-42fc-8085-60519b40820b",2025-08-01T04:00:00Z,"August 2025 SKS Pavillion B-31-03",2367.74,100,2467.74,1260.29,952.93,"https://colivingmanagement.bukku.my/l/a-K9FvAyMI","https://colivingmanagement.bukku.my/l/aznX9ckubp","https://drive.google.com/file/d/1wAL5qzcPVBSaYq8onWdtWfFM7s5zvE9V/view?usp=sharing","817f6510-47ac-4f8f-9828-d2fd91cb406f",
"975b2165-037e-435a-9d23-a4615cc84ba4",2025-09-17T06:33:23Z,2026-02-20T08:24:26Z,"bad279a4-e309-4354-a70f-2a1b0818317f","5981792a-cba0-4215-b391-e6c352f3f3bb",2025-05-01T04:00:00Z,"May 2025 Paragon Suite A-29-05",800,0,800,363.41,356.59,,,"https://drive.google.com/file/d/1YaER1SdF-dlm4C6ZxlzB0CS5HHqQIvyn/view?usp=sharing","817f6510-47ac-4f8f-9828-d2fd91cb406f",
"9b48cdfc-ad50-49b9-aaf4-e246f56b4d3b",2025-11-07T09:31:46Z,2026-02-20T08:24:26Z,"a1b06860-22d8-4493-ae60-65dfd19af60e","e83a5d2c-dd1e-422e-b3de-eeb6438cc45e",2025-09-30T16:00:00Z,"October 2025 SKS Pavillion B-21-01",3400,931.57,3610,931.57,2338.43,"https://colivingmanagement.bukku.my/l/cTEUTemtjl","https://colivingmanagement.bukku.my/l/cOodb4_CzC","https://download-files.wixmp.com/ugd/a1b068_d71db828320446f0a8fcdcae99460d88.pdf?token=eyJhbGciOiJIUzI1NiIsInR5cCI6IkpXVCJ9.eyJvYmoiOltbeyJwYXRoIjoiL3VnZC9hMWIwNjhfZDcxZGI4MjgzMjA0NDZmMGE4ZmNkY2FlOTk0NjBkODgucGRmIn1dXSwiZGlzIjp7ImZpbGVuYW1lIjoiMjAyNV9TS1NfUGF2aWxsaW9uX0ItMjEtMDEucGRmIiwidHlwZSI6ImF0dGFjaG1lbnQifSwiYXVkIjpbInVybjpzZXJ2aWNlOmZpbGUuZG93bmxvYWQiXSwiZXhwIjoxNzY3NjkxODk4LCJqdGkiOiIwYjgzNTNmNi1iMDljLTQ4NTktYThlMC01MTRkZjM1ZDVhZmQiLCJpYXQiOjE3NjI1MDc4OTgsImlzcyI6InVybjphcHA6ZTY2NjMwZTcxNGYwNDkwYWFlYTFmMTQ5YjNiNjllMzIiLCJzdWIiOiJ1cm46YXBwOmU2NjYzMGU3MTRmMDQ5MGFhZWExZjE0OWIzYjY5ZTMyIn0.LX5F50TfhLDS4VIm4WZr_n41h7y4yY7j4TMuk304PEI","817f6510-47ac-4f8f-9828-d2fd91cb406f",
"9cdb1a36-420f-4ec7-a9a5-93b8a65eabc3",2025-09-17T06:33:23Z,2026-02-20T08:24:26Z,"bad279a4-e309-4354-a70f-2a1b0818317f","c0fba2d6-05e0-4b27-9cb7-a281e6430ac9",2025-03-01T04:00:00Z,"March 2025 Meridin Bayvue B1-07-13a",600,0,600,600.1,'-60.1,,,,"817f6510-47ac-4f8f-9828-d2fd91cb406f",
"9ebc5805-be44-4209-9979-8a7769aa19c4",2025-09-17T06:33:23Z,2026-02-20T08:24:26Z,"bad279a4-e309-4354-a70f-2a1b0818317f","92f3ecef-c641-42fc-8085-60519b40820b",2025-03-01T04:00:00Z,"March 2025 SKS Pavillion B-31-03",0,0,0,14.27,'-14.27,,,,"817f6510-47ac-4f8f-9828-d2fd91cb406f",
"9f53693b-1ff0-4c97-aacd-3e3b5f7bf0a7",2025-09-17T06:33:23Z,2026-02-20T08:24:26Z,"bad279a4-e309-4354-a70f-2a1b0818317f","e83a5d2c-dd1e-422e-b3de-eeb6438cc45e",2025-03-01T04:00:00Z,"March 2025 SKS Pavillion B-21-01",4000,700,4700,1148.72,3151.28,,,,"817f6510-47ac-4f8f-9828-d2fd91cb406f",
"a0aad3c1-1b60-448c-b184-5b5bf50d70dc",2025-09-17T06:33:23Z,2026-02-20T08:24:26Z,"bad279a4-e309-4354-a70f-2a1b0818317f","c0fba2d6-05e0-4b27-9cb7-a281e6430ac9",2025-05-01T04:00:00Z,"May 2025 Meridin Bayvue B1-07-13a",600,50,650,416.33,'-460.38,,,"https://drive.google.com/file/d/1rHb2eWvUXFJ6SEiKivFbJbAwDYurnkS6/view?usp=sharing","817f6510-47ac-4f8f-9828-d2fd91cb406f",
"a1435eae-1244-4b1b-9339-5e65baa4813c",2025-09-17T06:33:23Z,2026-02-20T08:24:26Z,"bad279a4-e309-4354-a70f-2a1b0818317f","5981792a-cba0-4215-b391-e6c352f3f3bb",2025-01-01T04:00:00Z,"January 2025 Paragon Suite A-29-05",4500,300,4800,1231,3119,,,,"817f6510-47ac-4f8f-9828-d2fd91cb406f",
"a2790b0e-45a9-472f-8841-ef5b1ef7e05f",2025-09-17T06:33:23Z,2026-02-20T08:24:26Z,"bad279a4-e309-4354-a70f-2a1b0818317f","3faf9896-9e64-4092-93ec-603e692bae24",2025-02-01T04:00:00Z,"February 2025 Meridin Bayvue B1-20-03a",1700,100,1800,631.81,998.19,,,,"817f6510-47ac-4f8f-9828-d2fd91cb406f",
"a3e57c21-1034-40af-9630-5ecf114af8c4",2025-12-08T10:28:48Z,2026-02-20T08:24:26Z,"a1b06860-22d8-4493-ae60-65dfd19af60e","3faf9896-9e64-4092-93ec-603e692bae24",2025-10-31T16:00:00Z,"November 2025 Meridin Bayvue B1-20-03a",2900,793.16,3410,793.16,2326.84,"https://colivingmanagement.bukku.my/l/ahALIMGDUC","https://colivingmanagement.bukku.my/l/dO3VyNuVxD","https://download-files.wixmp.com/ugd/a1b068_fc69b11e7b3c41c487c15397288985ab.pdf?token=eyJhbGciOiJIUzI1NiIsInR5cCI6IkpXVCJ9.eyJvYmoiOltbeyJwYXRoIjoiL3VnZC9hMWIwNjhfZmM2OWIxMWU3YjNjNDFjNDg3YzE1Mzk3Mjg4OTg1YWIucGRmIn1dXSwiZGlzIjp7ImZpbGVuYW1lIjoiMjAyNV9NZXJpZGluX0JheXZ1ZV9CMS0yMC0wM2EucGRmIiwidHlwZSI6ImF0dGFjaG1lbnQifSwiYXVkIjpbInVybjpzZXJ2aWNlOmZpbGUuZG93bmxvYWQiXSwiZXhwIjoxNzY1MjI1NzIwLCJqdGkiOiI2MzI0ZDIzZi1kOTY2LTRlODctOTZhOC00NGEwOThiMmQxYmUiLCJpYXQiOjE3NjUxODk3MjAsImlzcyI6InVybjphcHA6ZTY2NjMwZTcxNGYwNDkwYWFlYTFmMTQ5YjNiNjllMzIiLCJzdWIiOiJ1cm46YXBwOmU2NjYzMGU3MTRmMDQ5MGFhZWExZjE0OWIzYjY5ZTMyIn0.pYhA0liqECp2Za-UlkVAjGUxMPdjIiY5BnPmyIClw60","817f6510-47ac-4f8f-9828-d2fd91cb406f",
"a6a19c93-21b7-4288-8bce-5c674284048e",2026-02-10T07:29:18Z,2026-02-20T08:24:26Z,"a1b06860-22d8-4493-ae60-65dfd19af60e","f18c6f5a-eccf-4af8-9334-721d98013a6d",2025-12-31T16:00:00Z,"January 2026 Paragon Suite B-27-03",2400,619,2400,619,1661,"https://colivingmanagement.bukku.my/l/c316Dl-728","https://colivingmanagement.bukku.my/l/bOV0L1sIKf","wix:document://v1/a1b068_c969af92ed8e4495a05ec7e8dd42330b.pdf/2026_Paragon_Suite_B-27-03.pdf","817f6510-47ac-4f8f-9828-d2fd91cb406f",
"a8a20d9c-7918-439b-b4c5-13113cd97db3",2026-03-10T10:23:59Z,2026-03-10T10:52:07Z,"a1b06860-22d8-4493-ae60-65dfd19af60e","5981792a-cba0-4215-b391-e6c352f3f3bb",2026-01-31T16:00:00Z,"February 2026 Paragon Suite A-29-05",5150,773.32,5390,773.32,4101.68,"https://colivingmanagement.bukku.my/l/dNKCP_pVz6","https://colivingmanagement.bukku.my/l/a1wzfp3YQi","wix:document://v1/a1b068_3f32f16aaa1e4417b5baa41261371dd8.pdf/2026_Paragon_Suite_A-29-05.pdf","817f6510-47ac-4f8f-9828-d2fd91cb406f",
"aba39095-fbaf-4393-82a3-5bc289928d1a",2025-09-17T06:33:23Z,2026-02-20T08:24:26Z,"bad279a4-e309-4354-a70f-2a1b0818317f","beaf7c8c-e161-4e8f-b30e-376c0d94be25",2025-05-01T04:00:00Z,"May 2025 Meridin Bayvue B1-10-05",2600,50,2650,1109.48,1280.52,,,"https://drive.google.com/file/d/1gAvnBu7-AO25n6upD8CozSvSqQUdf7dN/view?usp=sharing","817f6510-47ac-4f8f-9828-d2fd91cb406f",
"aca33f57-4dd7-4438-8c96-61831091cce5",2026-02-10T07:29:12Z,2026-02-20T08:24:26Z,"a1b06860-22d8-4493-ae60-65dfd19af60e","ab2f9b6a-402a-4593-a939-f306dc976067",2025-12-31T16:00:00Z,"January 2026 Paragon Suite A-18-05",4100,1008.51,4250,1008.51,2831.49,"https://colivingmanagement.bukku.my/l/cZrjyd4At4","https://colivingmanagement.bukku.my/l/dYFjblo5vX","wix:document://v1/a1b068_9a012d3d59b9474bb122e9314f29213a.pdf/2026_Paragon_Suite_A-18-05.pdf","817f6510-47ac-4f8f-9828-d2fd91cb406f",
"ad2c4bbb-d5dc-48b7-9e30-34a37bb804c5",2025-10-09T06:08:05Z,2026-02-20T08:24:26Z,"bad279a4-e309-4354-a70f-2a1b0818317f","6db13fb0-3b98-43ff-b84c-7e4b5560a3b6",2025-09-01T04:00:00Z,"September 2025 Jalan Kuning Jalan Kuning",5950,1020,6970,762.13,5612.77,"https://colivingmanagement.bukku.my/l/aTVyWbKe1C","https://colivingmanagement.bukku.my/l/aAv29RKwp4","https://drive.google.com/file/d/1UhM9mokySnnSOXuK8qSNQTUx9uQapz0x/view?usp=sharing","817f6510-47ac-4f8f-9828-d2fd91cb406f",
"af6f3f31-ffc1-495f-8674-fb896498389f",2025-09-17T06:33:23Z,2026-02-20T08:24:26Z,"bad279a4-e309-4354-a70f-2a1b0818317f","e83a5d2c-dd1e-422e-b3de-eeb6438cc45e",2025-01-01T04:00:00Z,"January 2025 SKS Pavillion B-21-01",4000,380,4380,1016.77,2963.23,,,,"817f6510-47ac-4f8f-9828-d2fd91cb406f",
"b0ee3306-f100-4c48-b816-4a89c70637dd",2025-09-17T06:33:23Z,2026-02-20T08:24:26Z,"bad279a4-e309-4354-a70f-2a1b0818317f","4155d4f3-9438-448a-8c5e-d49dd1272646",2025-07-01T04:00:00Z,"July 2025 Meridin Bayvue B2-19-12",1200,200,1400,636.46,513.31,,,"https://drive.google.com/file/d/1hsaFfE5jslYRawZT-xGN-69AqtPBq7A7/view?usp=sharing","817f6510-47ac-4f8f-9828-d2fd91cb406f",
"b172324a-7225-4565-a129-bfdbf1a1aa82",2026-02-10T07:29:13Z,2026-02-20T08:24:26Z,"a1b06860-22d8-4493-ae60-65dfd19af60e","5981792a-cba0-4215-b391-e6c352f3f3bb",2025-12-31T16:00:00Z,"January 2026 Paragon Suite A-29-05",4272,520.62,4522,520.62,3574.18,"https://colivingmanagement.bukku.my/l/dfZ3-AoZzr","https://colivingmanagement.bukku.my/l/dTINDXPPZy","wix:document://v1/a1b068_2a96f24c346a404992777394c5e82421.pdf/2026_Paragon_Suite_A-29-05.pdf","817f6510-47ac-4f8f-9828-d2fd91cb406f",
"b3bd6157-cf19-4189-acef-fd2bd84aecbd",2025-09-17T06:33:23Z,2026-02-20T08:24:26Z,"bad279a4-e309-4354-a70f-2a1b0818317f","5981792a-cba0-4215-b391-e6c352f3f3bb",2025-02-01T04:00:00Z,"February 2025 Paragon Suite A-29-05",5600,250,5850,618.47,4671.53,,,,"817f6510-47ac-4f8f-9828-d2fd91cb406f",
"b3f85ae7-cd45-4906-9694-857ab48b3a8f",2025-09-17T06:33:23Z,2026-02-20T08:24:26Z,"bad279a4-e309-4354-a70f-2a1b0818317f","5981792a-cba0-4215-b391-e6c352f3f3bb",2025-03-01T04:00:00Z,"March 2025 Paragon Suite A-29-05",3800,430,4230,798.17,3051.83,,,,"817f6510-47ac-4f8f-9828-d2fd91cb406f",
"b40ebf0a-e43d-4415-a150-bcc14a621192",2025-10-09T06:07:53Z,2026-02-20T08:24:26Z,"bad279a4-e309-4354-a70f-2a1b0818317f","31e9f13e-8494-4000-bee6-85306326a98a",2025-09-01T04:00:00Z,"September 2025 Aliff Residences B-13-07",0,80,80,500.12,'-420.12,,,"https://drive.google.com/file/d/1_c9NIg4F0WjXjXnJbkNE-E0vH17KpRyN/view?usp=sharing","817f6510-47ac-4f8f-9828-d2fd91cb406f",
"b668271b-cd1f-4858-8f9b-fc9a3a072e7f",2025-09-17T06:33:23Z,2026-02-20T08:24:26Z,"bad279a4-e309-4354-a70f-2a1b0818317f","3faf9896-9e64-4092-93ec-603e692bae24",2025-04-01T04:00:00Z,"April 2025 Meridin Bayvue B1-20-03a",2900,150,3050,733.86,2026.15,,,"https://drive.google.com/file/d/1QzhFb7VK9AZsQZu_GFwtxrx2YuXPsuek/view?usp=sharing","817f6510-47ac-4f8f-9828-d2fd91cb406f",
"b8054268-95ce-4b90-9117-3ed1fadba4a5",2026-01-09T04:28:57Z,2026-02-20T08:24:26Z,"a1b06860-22d8-4493-ae60-65dfd19af60e","6db13fb0-3b98-43ff-b84c-7e4b5560a3b6",2025-11-30T16:00:00Z,"December 2025 Jalan Kuning Jalan Kuning",5650,764.18,6250,1364.18,4320.82,"https://colivingmanagement.bukku.my/l/bhM62R7II6","https://colivingmanagement.bukku.my/l/d3PLjKr8V3","https://download-files.wixmp.com/ugd/a1b068_b59021ded6e9448ebed920c08fd30f94.pdf?token=eyJhbGciOiJIUzI1NiIsInR5cCI6IkpXVCJ9.eyJvYmoiOltbeyJwYXRoIjoiL3VnZC9hMWIwNjhfYjU5MDIxZGVkNmU5NDQ4ZWJlZDkyMGMwOGZkMzBmOTQucGRmIn1dXSwiZGlzIjp7ImZpbGVuYW1lIjoiMjAyNV9KYWxhbl9LdW5pbmdfSmFsYW5fS3VuaW5nLnBkZiIsInR5cGUiOiJhdHRhY2htZW50In0sImF1ZCI6WyJ1cm46c2VydmljZTpmaWxlLmRvd25sb2FkIl0sImV4cCI6MTc2Nzk2ODkyOSwianRpIjoiZDM4NzhkODEtNDhhNC00N2NjLWIxYjQtZjQwMjliMzFkNjc2IiwiaWF0IjoxNzY3OTMyOTI5LCJpc3MiOiJ1cm46YXBwOmU2NjYzMGU3MTRmMDQ5MGFhZWExZjE0OWIzYjY5ZTMyIiwic3ViIjoidXJuOmFwcDplNjY2MzBlNzE0ZjA0OTBhYWVhMWYxNDliM2I2OWUzMiJ9.dERuB-a6AD4bQRJw3Pk5EluDzcX_EJmwZpac4qFAbfA","817f6510-47ac-4f8f-9828-d2fd91cb406f",
"b82c0d9e-d982-47a9-8f5b-390a690f1b75",2025-10-09T06:07:35Z,2026-02-20T08:24:26Z,"bad279a4-e309-4354-a70f-2a1b0818317f","52890ac5-9a4d-40d0-80d2-2bbb8d13709b",2025-09-01T04:00:00Z,"September 2025 Paragon Suite B-23-07",4250,110,4360,962.52,2972.48,"https://colivingmanagement.bukku.my/l/bH-nknpQHA","https://colivingmanagement.bukku.my/l/bnCK4HqUKW","https://drive.google.com/file/d/1NqJeKlohtR7Vq2r1ZBXagiRWxz_r3XQq/view?usp=sharing","817f6510-47ac-4f8f-9828-d2fd91cb406f",
"b8d94529-3741-4fdc-ab84-f5a65a4c05ed",2026-01-09T04:29:08Z,2026-02-20T08:24:26Z,"a1b06860-22d8-4493-ae60-65dfd19af60e","ab2f9b6a-402a-4593-a939-f306dc976067",2025-11-30T16:00:00Z,"December 2025 Paragon Suite A-18-05",2600,1289.01,2740,2277.41,202.59,"https://colivingmanagement.bukku.my/l/dvYSwHWbgB","https://colivingmanagement.bukku.my/l/dy3IenNCMu","https://download-files.wixmp.com/ugd/a1b068_2291a6b5680c4f61b026b0a5dfc37c0f.pdf?token=eyJhbGciOiJIUzI1NiIsInR5cCI6IkpXVCJ9.eyJvYmoiOltbeyJwYXRoIjoiL3VnZC9hMWIwNjhfMjI5MWE2YjU2ODBjNGY2MWIwMjZiMGE1ZGZjMzdjMGYucGRmIn1dXSwiZGlzIjp7ImZpbGVuYW1lIjoiMjAyNV9QYXJhZ29uX1N1aXRlX0EtMTgtMDUucGRmIiwidHlwZSI6ImF0dGFjaG1lbnQifSwiYXVkIjpbInVybjpzZXJ2aWNlOmZpbGUuZG93bmxvYWQiXSwiZXhwIjoxNzY3OTY4OTQwLCJqdGkiOiJmMGFmZjgyZi05ZDhkLTQ2MDctYjg0Yi04NmFiYmEzZjYyODQiLCJpYXQiOjE3Njc5MzI5NDAsImlzcyI6InVybjphcHA6ZTY2NjMwZTcxNGYwNDkwYWFlYTFmMTQ5YjNiNjllMzIiLCJzdWIiOiJ1cm46YXBwOmU2NjYzMGU3MTRmMDQ5MGFhZWExZjE0OWIzYjY5ZTMyIn0.GFXCkiQsjDNVHE-ZByrIZ1wDUg4Vy3wmSwabsUf9vdI","817f6510-47ac-4f8f-9828-d2fd91cb406f",
"b95e8de2-f8d8-44ec-9dc4-03634ade19aa",2026-02-10T07:29:10Z,2026-02-20T08:43:06Z,"a1b06860-22d8-4493-ae60-65dfd19af60e","4155d4f3-9438-448a-8c5e-d49dd1272646",2025-12-31T16:00:00Z,"January 2026 Meridin Bayvue B2-19-12",2700,1162.56,2860,1162.56,2700,"https://colivingmanagement.bukku.my/l/cgTP1r2XYK",,"wix:document://v1/a1b068_022d858043e647acbb4986dd42e01670.pdf/2026_Meridin_Bayvue_B2-19-12.pdf","817f6510-47ac-4f8f-9828-d2fd91cb406f",true
"ba600d98-8f42-4291-9673-f4f821e044ea",2025-11-07T09:31:36Z,2026-02-20T08:24:26Z,"a1b06860-22d8-4493-ae60-65dfd19af60e","92f3ecef-c641-42fc-8085-60519b40820b",2025-09-30T16:00:00Z,"October 2025 SKS Pavillion B-31-03",1600,368.49,3050,368.49,3221.51,"https://colivingmanagement.bukku.my/l/aIwZH7xR2O","https://colivingmanagement.bukku.my/l/cr4R8ic3RR","https://download-files.wixmp.com/ugd/a1b068_008d51114a0948b29de61aca9d0cec6d.pdf?token=eyJhbGciOiJIUzI1NiIsInR5cCI6IkpXVCJ9.eyJvYmoiOltbeyJwYXRoIjoiL3VnZC9hMWIwNjhfMDA4ZDUxMTE0YTA5NDhiMjlkZTYxYWNhOWQwY2VjNmQucGRmIn1dXSwiZGlzIjp7ImZpbGVuYW1lIjoiMjAyNV9TS1NfUGF2aWxsaW9uX0ItMzEtMDMucGRmIiwidHlwZSI6ImF0dGFjaG1lbnQifSwiYXVkIjpbInVybjpzZXJ2aWNlOmZpbGUuZG93bmxvYWQiXSwiZXhwIjoxNzY3NjkxODg5LCJqdGkiOiI1YzU4MTkyYi05ODQ2LTQxNmEtYjg4Yy04YWJkYmY4MjE5OTUiLCJpYXQiOjE3NjI1MDc4ODksImlzcyI6InVybjphcHA6ZTY2NjMwZTcxNGYwNDkwYWFlYTFmMTQ5YjNiNjllMzIiLCJzdWIiOiJ1cm46YXBwOmU2NjYzMGU3MTRmMDQ5MGFhZWExZjE0OWIzYjY5ZTMyIn0.QybvQa-Pp9cxP7Lqp8-0ft7REqNC2nblHZr1UWY5NuM","817f6510-47ac-4f8f-9828-d2fd91cb406f",
"ba60e18d-eeed-4b0d-a556-9110c1d7f1b7",2025-09-17T06:33:23Z,2026-02-20T08:24:26Z,"bad279a4-e309-4354-a70f-2a1b0818317f","6db13fb0-3b98-43ff-b84c-7e4b5560a3b6",2025-07-01T04:00:00Z,"July 2025 Jalan Kuning Jalan Kuning",6650,1000,7650,1892.45,5302.55,,,"https://drive.google.com/file/d/1FsxF3VEWfP-_nAAKaPRamgfKPq6ocedt/view?usp=sharing","817f6510-47ac-4f8f-9828-d2fd91cb406f",
"bebb1e00-d735-48bc-99e1-6e2b56fa1f2e",2025-09-17T06:33:23Z,2026-02-20T08:24:26Z,"bad279a4-e309-4354-a70f-2a1b0818317f","c0fba2d6-05e0-4b27-9cb7-a281e6430ac9",2025-06-01T04:00:00Z,"June 2025 Meridin Bayvue B1-07-13a",600,100,700,1043.68,'-864.06,,,"https://drive.google.com/file/d/1AyYWGVQ0ch5dtCj09Fm74f8DkfYEMO32/view?usp=sharing","817f6510-47ac-4f8f-9828-d2fd91cb406f",
"c04e1dd6-bcb6-4892-b95e-0e2ea28b3a41",2025-09-10T09:34:05Z,2026-02-20T08:24:26Z,"bad279a4-e309-4354-a70f-2a1b0818317f","3faf9896-9e64-4092-93ec-603e692bae24",2025-08-01T04:00:00Z,"August 2025 Meridin Bayvue B1-20-03a",2900,300,3200,817.23,2092.77,"https://colivingmanagement.bukku.my/l/bNByIMsj27","https://colivingmanagement.bukku.my/l/auZ3U2GUFz","https://drive.google.com/file/d/1zwglemYwZttjwD3UtxI0Paw2mHemEELl/view?usp=sharing","817f6510-47ac-4f8f-9828-d2fd91cb406f",
"c12b272c-bfd8-4ae0-a92e-31217c1964cb",2026-01-09T04:29:04Z,2026-02-20T08:24:26Z,"a1b06860-22d8-4493-ae60-65dfd19af60e","2cf0712d-2d16-4843-b80e-a2b438b20421",2025-11-30T16:00:00Z,"December 2025 Meridin Bayvue B1-22-09",1426,670.96,1466,1195.96,127.44,"https://colivingmanagement.bukku.my/l/d_QhvRT4nW","https://colivingmanagement.bukku.my/l/bbkxwdlRCP","https://download-files.wixmp.com/ugd/a1b068_006118fa6ff64747b9051bf2689d10d8.pdf?token=eyJhbGciOiJIUzI1NiIsInR5cCI6IkpXVCJ9.eyJvYmoiOltbeyJwYXRoIjoiL3VnZC9hMWIwNjhfMDA2MTE4ZmE2ZmY2NDc0N2I5MDUxYmYyNjg5ZDEwZDgucGRmIn1dXSwiZGlzIjp7ImZpbGVuYW1lIjoiMjAyNV9NZXJpZGluX0JheXZ1ZV9CMS0yMi0wOS5wZGYiLCJ0eXBlIjoiYXR0YWNobWVudCJ9LCJhdWQiOlsidXJuOnNlcnZpY2U6ZmlsZS5kb3dubG9hZCJdLCJleHAiOjE3Njc5Njg5MzYsImp0aSI6ImMyNDljZmRjLWM0ZjItNDM5NC05N2YwLTFmMWM3M2UxOTZlOSIsImlhdCI6MTc2NzkzMjkzNiwiaXNzIjoidXJuOmFwcDplNjY2MzBlNzE0ZjA0OTBhYWVhMWYxNDliM2I2OWUzMiIsInN1YiI6InVybjphcHA6ZTY2NjMwZTcxNGYwNDkwYWFlYTFmMTQ5YjNiNjllMzIifQ.aLpsIwgZbrjPlzKFAXqBGoOVvzb7MiqtBLM1i9zs4nc","817f6510-47ac-4f8f-9828-d2fd91cb406f",
"c1fcf3ce-bd6c-4ed7-aa8a-5fb6efff0ddd",2026-02-10T07:29:23Z,2026-02-20T08:24:26Z,"a1b06860-22d8-4493-ae60-65dfd19af60e","1119da1b-7b56-4b65-9ca1-800757e29764",2025-12-31T16:00:00Z,"January 2026 Tri Tower A-18-03",4635,597.04,4635,1880.04,2754.96,"https://colivingmanagement.bukku.my/l/bR2lhWc_Ig",,"wix:document://v1/a1b068_8ed88eb9476a499cac4a3779456418a0.pdf/2026_Tri_Tower_A-18-03.pdf","817f6510-47ac-4f8f-9828-d2fd91cb406f",
"c6aeb08d-4530-4d3c-ae48-01de817967a0",2026-04-10T02:49:36Z,2026-04-10T02:52:08Z,"a1b06860-22d8-4493-ae60-65dfd19af60e","c0fba2d6-05e0-4b27-9cb7-a281e6430ac9",2026-02-28T16:00:00Z,"March 2026 Meridin Bayvue B1-07-13a",2923,697,3153,1705,1155.7,"https://colivingmanagement.bukku.my/l/aG1F3zsOVu","https://colivingmanagement.bukku.my/l/brSII28Xwt","wix:document://v1/a1b068_b8f787c5368e423499cb53db527f51d5.pdf/2026_Meridin_Bayvue_B1-07-13a.pdf",,
"c77fedf8-034d-4be7-97bc-4d682c7fe9b3",2025-09-17T06:33:23Z,2026-02-20T08:24:26Z,"bad279a4-e309-4354-a70f-2a1b0818317f","beaf7c8c-e161-4e8f-b30e-376c0d94be25",2025-04-01T04:00:00Z,"April 2025 Meridin Bayvue B1-10-05",2600,100,2700,867.05,1572.95,,,"https://drive.google.com/file/d/126-zaXEuC_tTTun3Gq3ZZw7a98eqF9Wx/view?usp=sharing","817f6510-47ac-4f8f-9828-d2fd91cb406f",
"c7bed59f-5415-4d98-a983-7650d2f2f16c",2025-09-17T06:33:23Z,2026-02-20T08:24:26Z,"bad279a4-e309-4354-a70f-2a1b0818317f","52890ac5-9a4d-40d0-80d2-2bbb8d13709b",2025-01-01T04:00:00Z,"January 2025 Paragon Suite B-23-07",2350,150,2500,523.5,1741.5,,,,"817f6510-47ac-4f8f-9828-d2fd91cb406f",
"c9b2606c-e858-45af-bf22-bcc4d23cfa0c",2025-09-17T06:33:23Z,2026-02-20T08:24:26Z,"bad279a4-e309-4354-a70f-2a1b0818317f","beaf7c8c-e161-4e8f-b30e-376c0d94be25",2025-02-01T04:00:00Z,"February 2025 Meridin Bayvue B1-10-05",2600,50,2650,626.6,1763.4,,,,"817f6510-47ac-4f8f-9828-d2fd91cb406f",
"ca223c63-621e-462d-bfe5-21bbaa94cb0e",2025-09-17T06:33:23Z,2026-02-20T08:24:26Z,"bad279a4-e309-4354-a70f-2a1b0818317f","6db13fb0-3b98-43ff-b84c-7e4b5560a3b6",2025-05-01T04:00:00Z,"May 2025 Jalan Kuning Jalan Kuning",4200,730,4930,856.02,5366.02,,,"https://drive.google.com/file/d/1PDnCY_s23a5tlo3bSnDCiNR3TDWh86d8/view?usp=sharing","817f6510-47ac-4f8f-9828-d2fd91cb406f",
"cac14e6f-f93d-49ef-894e-3f5265a923c2",2026-04-10T02:49:35Z,2026-04-10T02:52:09Z,"a1b06860-22d8-4493-ae60-65dfd19af60e","6db13fb0-3b98-43ff-b84c-7e4b5560a3b6",2026-02-28T16:00:00Z,"March 2026 Jalan Kuning Jalan Kuning",5250,828.95,6000,828.95,4646.05,"https://colivingmanagement.bukku.my/l/b7OvwCrgz2","https://colivingmanagement.bukku.my/l/d3uX5CTdvY","wix:document://v1/a1b068_ede2bab271ff415185d44fb93d95a130.pdf/2026_Jalan_Kuning_Jalan_Kuning.pdf",,
"cc272ecd-a09d-42d5-8f42-76dd5b9fe349",2025-09-10T09:33:46Z,2026-02-20T08:24:26Z,"bad279a4-e309-4354-a70f-2a1b0818317f","c0fba2d6-05e0-4b27-9cb7-a281e6430ac9",2025-08-01T04:00:00Z,"August 2025 Meridin Bayvue B1-07-13a",2300,250,2550,1062.65,1283.35,"https://colivingmanagement.bukku.my/l/cLXcvi70F6","https://colivingmanagement.bukku.my/l/bMYCxv69Em","https://drive.google.com/file/d/1lY4uqs9OtOg5ZZnsfpYE8Wrrj0POkBho/view?usp=sharing","817f6510-47ac-4f8f-9828-d2fd91cb406f",
"cd60edeb-96ca-4f8d-8c7a-49e3bf725945",2025-11-07T09:31:28Z,2026-02-20T08:24:26Z,"a1b06860-22d8-4493-ae60-65dfd19af60e","1119da1b-7b56-4b65-9ca1-800757e29764",2025-09-30T16:00:00Z,"October 2025 Tri Tower A-18-03",3450,959.91,3550,959.91,2245.09,"https://colivingmanagement.bukku.my/l/bJJPrXwgDX","https://colivingmanagement.bukku.my/l/cJuQZ3sep6","https://download-files.wixmp.com/ugd/a1b068_0b34a9a835184262a451f429c1c5667e.pdf?token=eyJhbGciOiJIUzI1NiIsInR5cCI6IkpXVCJ9.eyJvYmoiOltbeyJwYXRoIjoiL3VnZC9hMWIwNjhfMGIzNGE5YTgzNTE4NDI2MmE0NTFmNDI5YzFjNTY2N2UucGRmIn1dXSwiZGlzIjp7ImZpbGVuYW1lIjoiMjAyNV9UcmlfVG93ZXJfQS0xOC0wMy5wZGYiLCJ0eXBlIjoiYXR0YWNobWVudCJ9LCJhdWQiOlsidXJuOnNlcnZpY2U6ZmlsZS5kb3dubG9hZCJdLCJleHAiOjE3Njc2OTE4ODEsImp0aSI6IjRlMjZhZDJhLTMyZTMtNDhmNS05MmVlLWY1MzNiNTA4YjU1MiIsImlhdCI6MTc2MjUwNzg4MSwiaXNzIjoidXJuOmFwcDplNjY2MzBlNzE0ZjA0OTBhYWVhMWYxNDliM2I2OWUzMiIsInN1YiI6InVybjphcHA6ZTY2NjMwZTcxNGYwNDkwYWFlYTFmMTQ5YjNiNjllMzIifQ.udnHqL_fI5hToS0vJ4KdioG7f2-dkb1MrnyO4RqPJW0","817f6510-47ac-4f8f-9828-d2fd91cb406f",
"ce58123c-ae89-4aeb-988e-5e04a3f485a9",2026-03-10T10:23:50Z,2026-03-15T19:10:20Z,"a1b06860-22d8-4493-ae60-65dfd19af60e","6db13fb0-3b98-43ff-b84c-7e4b5560a3b6",2026-01-31T16:00:00Z,"February 2026 Jalan Kuning Jalan Kuning",6250,1000.55,6770,1000.55,5144.45,"https://colivingmanagement.bukku.my/l/cQ79u5pjzw","https://colivingmanagement.bukku.my/l/cCQGm_qxU4","wix:document://v1/a1b068_6d26d0dda7f746519c8398f43052d98a.pdf/2026_Jalan_Kuning_Jalan_Kuning.pdf","817f6510-47ac-4f8f-9828-d2fd91cb406f",
"d096bde2-27f2-48a9-9d6f-92c9fa1ca3ff",2025-10-09T06:07:45Z,2026-02-20T08:24:26Z,"bad279a4-e309-4354-a70f-2a1b0818317f","e83a5d2c-dd1e-422e-b3de-eeb6438cc45e",2025-09-01T04:00:00Z,"September 2025 SKS Pavillion B-21-01",3400,180,3580,826.42,2413.58,"https://colivingmanagement.bukku.my/l/aEaU8cNzrK","https://colivingmanagement.bukku.my/l/dxj_8PK2Y_","https://drive.google.com/file/d/1zRwhJZXuB3nchlUxSQz6-bpkTUZCSTzm/view?usp=sharing","817f6510-47ac-4f8f-9828-d2fd91cb406f",
"d137bf44-8764-476c-8de4-033400de2312",2025-09-17T06:33:23Z,2026-02-20T08:24:26Z,"bad279a4-e309-4354-a70f-2a1b0818317f","2cf0712d-2d16-4843-b80e-a2b438b20421",2025-06-01T04:00:00Z,"June 2025 Meridin Bayvue B1-22-09",1500,150,1650,335.79,1164.21,,,"https://drive.google.com/file/d/1bJudxHt6hZAoiNv2rcWh0eLMgvFu8kHl/view?usp=sharing","817f6510-47ac-4f8f-9828-d2fd91cb406f",
"d20f3edd-e61e-416e-ae90-fabaf8b4cf03",2025-09-17T06:33:23Z,2026-02-20T08:24:26Z,"bad279a4-e309-4354-a70f-2a1b0818317f","e83a5d2c-dd1e-422e-b3de-eeb6438cc45e",2025-07-01T04:00:00Z,"July 2025 SKS Pavillion B-21-01",1000,100,1100,1250.27,'-390.27,,,"https://drive.google.com/file/d/1GSfh0Yr1AhVlQzZap2W3HS7Yrc3P30NC/view?usp=sharing","817f6510-47ac-4f8f-9828-d2fd91cb406f",
"d37d911a-b863-43d3-84e4-48c5046e7b12",2025-09-17T06:33:23Z,2026-02-20T08:24:26Z,"bad279a4-e309-4354-a70f-2a1b0818317f","c0fba2d6-05e0-4b27-9cb7-a281e6430ac9",2025-02-01T04:00:00Z,"February 2025 Meridin Bayvue B1-07-13a",1800,100,1900,573.3,1146.7,,,,"817f6510-47ac-4f8f-9828-d2fd91cb406f",
"d4b4116d-f346-4d52-9669-bbb11daad566",2025-09-17T06:33:23Z,2026-02-20T08:24:26Z,"bad279a4-e309-4354-a70f-2a1b0818317f","2cf0712d-2d16-4843-b80e-a2b438b20421",2025-05-01T04:00:00Z,"May 2025 Meridin Bayvue B1-22-09",2100,100,2200,951.61,1038.39,,,"https://drive.google.com/file/d/1ckCNRufdG8iUTkQxSqMrXq2HigX4e2bZ/view?usp=sharing","817f6510-47ac-4f8f-9828-d2fd91cb406f",
"d4e78cbb-a00e-4463-94d7-d72f8ebd7102",2026-04-10T02:49:42Z,2026-04-10T02:54:20Z,"a1b06860-22d8-4493-ae60-65dfd19af60e","4155d4f3-9438-448a-8c5e-d49dd1272646",2026-02-28T16:00:00Z,"March 2026 Meridin Bayvue B2-19-12",2565,909.96,2625,909.96,2700,,,"wix:document://v1/a1b068_3a7a6f15001240e6af64d040d68558ea.pdf/2026_Meridin_Bayvue_B2-19-12.pdf",,
"d5badc84-5e42-45d5-9594-26d1a5615cdd",2025-09-17T06:33:23Z,2026-02-20T08:24:26Z,"bad279a4-e309-4354-a70f-2a1b0818317f","e83a5d2c-dd1e-422e-b3de-eeb6438cc45e",2025-06-01T04:00:00Z,"June 2025 SKS Pavillion B-21-01",1200,50,1250,1088.44,41.56,,,"https://drive.google.com/file/d/1nzRjGxYJgzA2JdcOk_OVH4xwojbKEar0/view?usp=sharing","817f6510-47ac-4f8f-9828-d2fd91cb406f",
"d71b58ae-ba55-4b56-9c0d-668a9d7b3327",2025-09-17T06:33:23Z,2026-02-20T08:24:26Z,"bad279a4-e309-4354-a70f-2a1b0818317f","c0fba2d6-05e0-4b27-9cb7-a281e6430ac9",2025-07-01T04:00:00Z,"July 2025 Meridin Bayvue B1-07-13a",1700,100,1800,1087.94,'-322,,,"https://drive.google.com/file/d/1-61Y1kP3pZLBJW9sYZraVNTS3L7rQFwV/view?usp=sharing","817f6510-47ac-4f8f-9828-d2fd91cb406f",
"d7a716c8-535e-47ee-b540-08aaecaf17a9",2025-11-07T09:33:09Z,2026-02-20T08:24:26Z,"a1b06860-22d8-4493-ae60-65dfd19af60e","c0fba2d6-05e0-4b27-9cb7-a281e6430ac9",2025-09-30T16:00:00Z,"October 2025 Meridin Bayvue B1-07-13a",1800,1230.95,3130,1230.95,1719.05,"https://colivingmanagement.bukku.my/l/aQdTx2wni3","https://colivingmanagement.bukku.my/l/aDtDtF2Dq-","https://download-files.wixmp.com/ugd/a1b068_5d65e37d59f24d9aafeb0c40aeb5f52e.pdf?token=eyJhbGciOiJIUzI1NiIsInR5cCI6IkpXVCJ9.eyJvYmoiOltbeyJwYXRoIjoiL3VnZC9hMWIwNjhfNWQ2NWUzN2Q1OWYyNGQ5YWFmZWIwYzQwYWViNWY1MmUucGRmIn1dXSwiZGlzIjp7ImZpbGVuYW1lIjoiMjAyNV9NZXJpZGluX0JheXZ1ZV9CMS0wNy0xM2EucGRmIiwidHlwZSI6ImF0dGFjaG1lbnQifSwiYXVkIjpbInVybjpzZXJ2aWNlOmZpbGUuZG93bmxvYWQiXSwiZXhwIjoxNzY3NjkxOTgxLCJqdGkiOiIwMTljZDUyZC0wMTJiLTRjYTEtYWYzNi00ZmZkOWNlMDM1NTUiLCJpYXQiOjE3NjI1MDc5ODEsImlzcyI6InVybjphcHA6ZTY2NjMwZTcxNGYwNDkwYWFlYTFmMTQ5YjNiNjllMzIiLCJzdWIiOiJ1cm46YXBwOmU2NjYzMGU3MTRmMDQ5MGFhZWExZjE0OWIzYjY5ZTMyIn0.m7TpO31aezxpxgvIb5uhrzmEaaBYthENoXNpOJxSYUc","817f6510-47ac-4f8f-9828-d2fd91cb406f",
"d8dfdc73-c3eb-4fc0-a2c2-16b313c5c599",2025-09-17T06:33:23Z,2026-02-20T08:24:26Z,"bad279a4-e309-4354-a70f-2a1b0818317f","beaf7c8c-e161-4e8f-b30e-376c0d94be25",2025-01-01T04:00:00Z,"January 2025 Meridin Bayvue B1-10-05",2600,50,2650,659.35,1730.65,,,,"817f6510-47ac-4f8f-9828-d2fd91cb406f",
"e12861d9-f537-4096-a5bf-4fc1df82f3a5",2025-09-17T06:33:23Z,2026-02-20T08:24:26Z,"bad279a4-e309-4354-a70f-2a1b0818317f","beaf7c8c-e161-4e8f-b30e-376c0d94be25",2025-06-01T04:00:00Z,"June 2025 Meridin Bayvue B1-10-05",2600,100,2700,800.31,139.69,,,"https://drive.google.com/file/d/1Hyx2xxmz6pyj8RC4PyI3vJ7hJwuxSp0a/view?usp=sharing","817f6510-47ac-4f8f-9828-d2fd91cb406f",
"e270b9a2-52fd-46e9-90bf-87b2d1e778fc",2026-02-10T07:29:07Z,2026-04-07T16:55:09Z,"a1b06860-22d8-4493-ae60-65dfd19af60e","3faf9896-9e64-4092-93ec-603e692bae24",2025-12-31T16:00:00Z,"January 2026 Meridin Bayvue B1-20-03a",2900,715.71,3190,1357.71,1542.29,"https://colivingmanagement.bukku.my/l/acK4V4zxhe","https://colivingmanagement.bukku.my/l/a-yTYlXDSb","wix:document://v1/a1b068_5875c9f08a2f48e2a072f531ed694fad.pdf/2026_Meridin_Bayvue_B1-20-03a.pdf","817f6510-47ac-4f8f-9828-d2fd91cb406f",
"e32763d8-927f-4f82-938e-0c9082d97d04",2025-09-17T06:33:23Z,2026-02-20T08:24:26Z,"bad279a4-e309-4354-a70f-2a1b0818317f","6db13fb0-3b98-43ff-b84c-7e4b5560a3b6",2025-01-01T04:00:00Z,"January 2025 Jalan Kuning Jalan Kuning",'-40,500,460,1843.93,2758.07,,,,"817f6510-47ac-4f8f-9828-d2fd91cb406f",
"e8276ff3-6b76-42bb-95da-cd74ed138cc1",2025-09-17T06:33:23Z,2026-02-20T08:24:26Z,"bad279a4-e309-4354-a70f-2a1b0818317f","92f3ecef-c641-42fc-8085-60519b40820b",2025-06-01T04:00:00Z,"June 2025 SKS Pavillion B-31-03",2300,200,2500,697.88,1572.12,,,"https://drive.google.com/file/d/1rbGxuR0PBjCxda22zfWlDwW4sfaunm5N/view?usp=sharing","817f6510-47ac-4f8f-9828-d2fd91cb406f",
"e8e91e32-010c-40d1-be42-47160aa7c0e4",2025-12-08T10:28:58Z,2026-02-20T08:24:26Z,"a1b06860-22d8-4493-ae60-65dfd19af60e","f18c6f5a-eccf-4af8-9334-721d98013a6d",2025-10-31T16:00:00Z,"November 2025 Paragon Suite B-27-03",2400,696.65,2400,696.65,1583.35,"https://colivingmanagement.bukku.my/l/c_LY_NG0Z2","https://colivingmanagement.bukku.my/l/aIeDfLxTgK","https://download-files.wixmp.com/ugd/a1b068_bbc491cdabf842939805bbf83eeb5a3f.pdf?token=eyJhbGciOiJIUzI1NiIsInR5cCI6IkpXVCJ9.eyJvYmoiOltbeyJwYXRoIjoiL3VnZC9hMWIwNjhfYmJjNDkxY2RhYmY4NDI5Mzk4MDViYmY4M2VlYjVhM2YucGRmIn1dXSwiZGlzIjp7ImZpbGVuYW1lIjoiMjAyNV9QYXJhZ29uX1N1aXRlX0ItMjctMDMucGRmIiwidHlwZSI6ImF0dGFjaG1lbnQifSwiYXVkIjpbInVybjpzZXJ2aWNlOmZpbGUuZG93bmxvYWQiXSwiZXhwIjoxNzY1MjI1NzMwLCJqdGkiOiJjZTdhOTUyMS1jNDRmLTQxNWQtYjljMC1jZGMzZjQyZjcwMGMiLCJpYXQiOjE3NjUxODk3MzAsImlzcyI6InVybjphcHA6ZTY2NjMwZTcxNGYwNDkwYWFlYTFmMTQ5YjNiNjllMzIiLCJzdWIiOiJ1cm46YXBwOmU2NjYzMGU3MTRmMDQ5MGFhZWExZjE0OWIzYjY5ZTMyIn0.8C6RxYlhp1Sjpjwv5sRjE33kXPb4eykLK0lbP79XDq0","817f6510-47ac-4f8f-9828-d2fd91cb406f",
"e993faa6-431e-4361-b3d8-3a4413c555af",2026-02-10T07:29:09Z,2026-04-07T16:55:07Z,"a1b06860-22d8-4493-ae60-65dfd19af60e","2cf0712d-2d16-4843-b80e-a2b438b20421",2025-12-31T16:00:00Z,"January 2026 Meridin Bayvue B1-22-09",2703,603.06,3743,1203.06,2269.64,"https://colivingmanagement.bukku.my/l/bQ40CXbvii","https://colivingmanagement.bukku.my/l/alQhWFtpxZ","wix:document://v1/a1b068_d02d671c08cf470eb0ee1ba0b44d65c3.pdf/2026_Meridin_Bayvue_B1-22-09.pdf","817f6510-47ac-4f8f-9828-d2fd91cb406f",
"ed3e6309-b219-4338-b6f2-dd10b8081e12",2026-03-10T10:23:58Z,2026-03-10T10:52:09Z,"a1b06860-22d8-4493-ae60-65dfd19af60e","ab2f9b6a-402a-4593-a939-f306dc976067",2026-01-31T16:00:00Z,"February 2026 Paragon Suite A-18-05",4100,961.36,4260,961.36,2888.64,"https://colivingmanagement.bukku.my/l/dkvXDmsqjh","https://colivingmanagement.bukku.my/l/cLSkeDC7jl","wix:document://v1/a1b068_c33191aa907648e097148acca2b2bff7.pdf/2026_Paragon_Suite_A-18-05.pdf","817f6510-47ac-4f8f-9828-d2fd91cb406f",
"ee5b5238-9624-42f0-8009-ce32e77b0dc3",2025-09-17T06:33:23Z,2026-02-20T08:24:26Z,"bad279a4-e309-4354-a70f-2a1b0818317f","beaf7c8c-e161-4e8f-b30e-376c0d94be25",2025-03-01T04:00:00Z,"March 2025 Meridin Bayvue B1-10-05",2600,50,2650,646.05,1743.95,,,,"817f6510-47ac-4f8f-9828-d2fd91cb406f",
"ef7222ca-b53a-4410-9a87-627069feeb44",2026-02-10T07:29:05Z,2026-04-07T16:55:10Z,"a1b06860-22d8-4493-ae60-65dfd19af60e","beaf7c8c-e161-4e8f-b30e-376c0d94be25",2025-12-31T16:00:00Z,"January 2026 Meridin Bayvue B1-10-05",2700,622.05,2800,622.05,1907.95,"https://colivingmanagement.bukku.my/l/a_ncKK0K29","https://colivingmanagement.bukku.my/l/dTZdv_v3jx","http://wix:document://v1/a1b068_1076ad6535e4455db0a502599227663c.pdf/2026_Meridin_Bayvue_B1-10-05.pdf","817f6510-47ac-4f8f-9828-d2fd91cb406f",
"efd100e5-c7ec-4f3f-8dc2-ccb5ef3f2fd6",2025-09-17T06:33:23Z,2026-02-20T08:24:26Z,"bad279a4-e309-4354-a70f-2a1b0818317f","3faf9896-9e64-4092-93ec-603e692bae24",2025-05-01T04:00:00Z,"May 2025 Meridin Bayvue B1-20-03a",2300,200,2500,570.36,1699.64,,,"https://drive.google.com/file/d/1vWPQBycPABkhuqceRQdznqZKQDfZT5I2/view?usp=sharing","817f6510-47ac-4f8f-9828-d2fd91cb406f",
"f059e1c8-7b35-4122-9891-6595d5193b87",2026-01-09T04:28:58Z,2026-02-20T08:24:26Z,"a1b06860-22d8-4493-ae60-65dfd19af60e","c0fba2d6-05e0-4b27-9cb7-a281e6430ac9",2025-11-30T16:00:00Z,"December 2025 Meridin Bayvue B1-07-13a",2300,760.55,2480,760.55,1489.45,"https://colivingmanagement.bukku.my/l/ccKZgmaAVq","https://colivingmanagement.bukku.my/l/djz5I0aKZD","https://download-files.wixmp.com/ugd/a1b068_ccab1bef58cc4b929ebbc42cf1187cb5.pdf?token=eyJhbGciOiJIUzI1NiIsInR5cCI6IkpXVCJ9.eyJvYmoiOltbeyJwYXRoIjoiL3VnZC9hMWIwNjhfY2NhYjFiZWY1OGNjNGI5MjllYmJjNDJjZjExODdjYjUucGRmIn1dXSwiZGlzIjp7ImZpbGVuYW1lIjoiMjAyNV9NZXJpZGluX0JheXZ1ZV9CMS0wNy0xM2EucGRmIiwidHlwZSI6ImF0dGFjaG1lbnQifSwiYXVkIjpbInVybjpzZXJ2aWNlOmZpbGUuZG93bmxvYWQiXSwiZXhwIjoxNzY3OTY4OTMwLCJqdGkiOiJjYTY4NTg0Ny1lYTBmLTQ5ZTktOTNmMi00NzUwNjFkZDdiZjkiLCJpYXQiOjE3Njc5MzI5MzAsImlzcyI6InVybjphcHA6ZTY2NjMwZTcxNGYwNDkwYWFlYTFmMTQ5YjNiNjllMzIiLCJzdWIiOiJ1cm46YXBwOmU2NjYzMGU3MTRmMDQ5MGFhZWExZjE0OWIzYjY5ZTMyIn0.8Y19-jFOe6BZ8lSn0nIZNPYQpx3LTD81Amc_WHoZVn0","817f6510-47ac-4f8f-9828-d2fd91cb406f",
"f2ba45c0-d6b6-49ab-b99b-b17a7660ba5c",2026-01-09T04:29:00Z,2026-02-20T08:24:26Z,"a1b06860-22d8-4493-ae60-65dfd19af60e","beaf7c8c-e161-4e8f-b30e-376c0d94be25",2025-11-30T16:00:00Z,"December 2025 Meridin Bayvue B1-10-05",2406,673.8,3186,1881.8,1063.6,"https://colivingmanagement.bukku.my/l/bUJDl2gS6d","https://colivingmanagement.bukku.my/l/a1ba2ta1Za","https://download-files.wixmp.com/ugd/a1b068_43ab23deba82418ca601e7c3b17e08bf.pdf?token=eyJhbGciOiJIUzI1NiIsInR5cCI6IkpXVCJ9.eyJvYmoiOltbeyJwYXRoIjoiL3VnZC9hMWIwNjhfNDNhYjIzZGViYTgyNDE4Y2E2MDFlN2MzYjE3ZTA4YmYucGRmIn1dXSwiZGlzIjp7ImZpbGVuYW1lIjoiMjAyNV9NZXJpZGluX0JheXZ1ZV9CMS0xMC0wNS5wZGYiLCJ0eXBlIjoiYXR0YWNobWVudCJ9LCJhdWQiOlsidXJuOnNlcnZpY2U6ZmlsZS5kb3dubG9hZCJdLCJleHAiOjE3Njc5Njg5MzIsImp0aSI6ImE0YWFjZWM2LWQ2NTktNDI5ZS1hOTZmLTM0MjI3YWRkNjQzZCIsImlhdCI6MTc2NzkzMjkzMiwiaXNzIjoidXJuOmFwcDplNjY2MzBlNzE0ZjA0OTBhYWVhMWYxNDliM2I2OWUzMiIsInN1YiI6InVybjphcHA6ZTY2NjMwZTcxNGYwNDkwYWFlYTFmMTQ5YjNiNjllMzIifQ.UXxNWYNtq4hu-IHpv6nBTFHIYR68oCf3W3TLx4QvE2I","817f6510-47ac-4f8f-9828-d2fd91cb406f",
"f7164d5b-996a-4167-bf95-11342a853765",2026-03-10T10:24:05Z,2026-03-10T10:52:04Z,"a1b06860-22d8-4493-ae60-65dfd19af60e","e83a5d2c-dd1e-422e-b3de-eeb6438cc45e",2026-01-31T16:00:00Z,"February 2026 SKS Pavillion B-21-01",2400,696.62,2430,696.62,1493.38,"https://colivingmanagement.bukku.my/l/dzaUW1v0fb","https://colivingmanagement.bukku.my/l/b_AhWUzd1C","wix:document://v1/a1b068_11dbf7a00f8e4f7ab45ac06a16866fce.pdf/2026_SKS_Pavillion_B-21-01.pdf","817f6510-47ac-4f8f-9828-d2fd91cb406f",
"f7a7c525-b435-4bde-be4a-27bde0141985",2025-12-08T10:28:46Z,2026-02-20T08:24:26Z,"a1b06860-22d8-4493-ae60-65dfd19af60e","beaf7c8c-e161-4e8f-b30e-376c0d94be25",2025-10-31T16:00:00Z,"November 2025 Meridin Bayvue B1-10-05",2600,564.25,2660,564.25,1835.75,"https://colivingmanagement.bukku.my/l/ask1WE5Ttv","https://colivingmanagement.bukku.my/l/bCSWsyPmjo","https://download-files.wixmp.com/ugd/a1b068_0708d5caa5654ba89b3cecc478a42d87.pdf?token=eyJhbGciOiJIUzI1NiIsInR5cCI6IkpXVCJ9.eyJvYmoiOltbeyJwYXRoIjoiL3VnZC9hMWIwNjhfMDcwOGQ1Y2FhNTY1NGJhODliM2NlY2M0NzhhNDJkODcucGRmIn1dXSwiZGlzIjp7ImZpbGVuYW1lIjoiMjAyNV9NZXJpZGluX0JheXZ1ZV9CMS0xMC0wNS5wZGYiLCJ0eXBlIjoiYXR0YWNobWVudCJ9LCJhdWQiOlsidXJuOnNlcnZpY2U6ZmlsZS5kb3dubG9hZCJdLCJleHAiOjE3NjUyMjU3MTgsImp0aSI6IjAwZGQ5Y2FkLTA5YjgtNDE3My04ZGNjLTJhYjY3OTU0MzRkYyIsImlhdCI6MTc2NTE4OTcxOCwiaXNzIjoidXJuOmFwcDplNjY2MzBlNzE0ZjA0OTBhYWVhMWYxNDliM2I2OWUzMiIsInN1YiI6InVybjphcHA6ZTY2NjMwZTcxNGYwNDkwYWFlYTFmMTQ5YjNiNjllMzIifQ.OuIsEUZ3Zg4j2K9y-8C3gueYT35JHyHCgLp0dni9HII","817f6510-47ac-4f8f-9828-d2fd91cb406f",
"f7d9e52b-bf15-47b0-bb6a-17c8bd04b703",2026-04-10T02:49:39Z,2026-04-10T02:52:06Z,"a1b06860-22d8-4493-ae60-65dfd19af60e","3faf9896-9e64-4092-93ec-603e692bae24",2026-02-28T16:00:00Z,"March 2026 Meridin Bayvue B1-20-03a",2900,827.71,3320,827.71,2202.29,"https://colivingmanagement.bukku.my/l/b9YrwQmJTO","https://colivingmanagement.bukku.my/l/d4GoiAxvt5","wix:document://v1/a1b068_132c01f6a0a1466284c69d9b458da440.pdf/2026_Meridin_Bayvue_B1-20-03a.pdf",,
"fc3c1209-dc9c-4f69-8666-8e8f4193c1a5",2026-03-10T10:24:08Z,2026-03-10T10:52:02Z,"a1b06860-22d8-4493-ae60-65dfd19af60e","1119da1b-7b56-4b65-9ca1-800757e29764",2026-01-31T16:00:00Z,"February 2026 Tri Tower A-18-03 +1283",4550,757.64,4570,757.64,5095.36,"https://colivingmanagement.bukku.my/l/awQscMYFvh",,"wix:document://v1/a1b068_2afb31d6d2c54c6b926f2ee63651f110.pdf/2026_Tri_Tower_A-18-03.pdf","817f6510-47ac-4f8f-9828-d2fd91cb406f",
"fe009dc7-ded5-4cb8-9730-3c1a9a3d58fd",2026-04-10T02:49:37Z,2026-04-10T02:52:07Z,"a1b06860-22d8-4493-ae60-65dfd19af60e","beaf7c8c-e161-4e8f-b30e-376c0d94be25",2026-02-28T16:00:00Z,"March 2026 Meridin Bayvue B1-10-05",2700,611.6,2830,611.6,1948.4,"https://colivingmanagement.bukku.my/l/aKdQrBUzH7","https://colivingmanagement.bukku.my/l/cMOlFoDKw9","wix:document://v1/a1b068_ac67b47625c540d693a21cffa80f2849.pdf/2026_Meridin_Bayvue_B1-10-05.pdf",,
"ff91b8ef-44c3-4cea-8630-49e512d64df4",2025-09-10T09:34:18Z,2026-02-20T08:24:26Z,"bad279a4-e309-4354-a70f-2a1b0818317f","ab2f9b6a-402a-4593-a939-f306dc976067",2025-08-01T04:00:00Z,"August 2025 Paragon Suite A-18-05",1600,140,1740,456.5,1123.5,"https://colivingmanagement.bukku.my/l/cVZMSFYZRi","https://colivingmanagement.bukku.my/l/aF2OJfAbN-","https://drive.google.com/file/d/1rVnhNjFFwdzfpKZiB5ApMlOpRL7y3Nsc/view?usp=sharing","817f6510-47ac-4f8f-9828-d2fd91cb406f",
"fff84e89-ad4a-457f-80d3-99b5e372a2be",2025-12-08T10:29:03Z,2026-02-20T08:24:26Z,"a1b06860-22d8-4493-ae60-65dfd19af60e","1119da1b-7b56-4b65-9ca1-800757e29764",2025-10-31T16:00:00Z,"November 2025 Tri Tower A-18-03",3500,675.14,3560,675.14,2884.86,"https://colivingmanagement.bukku.my/l/bBZFxn1F9c",,"https://download-files.wixmp.com/ugd/a1b068_7596a6e7824047e4b969e6d8604a098b.pdf?token=eyJhbGciOiJIUzI1NiIsInR5cCI6IkpXVCJ9.eyJvYmoiOltbeyJwYXRoIjoiL3VnZC9hMWIwNjhfNzU5NmE2ZTc4MjQwNDdlNGI5NjllNmQ4NjA0YTA5OGIucGRmIn1dXSwiZGlzIjp7ImZpbGVuYW1lIjoiMjAyNV9UcmlfVG93ZXJfQS0xOC0wMy5wZGYiLCJ0eXBlIjoiYXR0YWNobWVudCJ9LCJhdWQiOlsidXJuOnNlcnZpY2U6ZmlsZS5kb3dubG9hZCJdLCJleHAiOjE3NjUyMjU3MzYsImp0aSI6ImUxZWQ4OTc0LWI4MmUtNGE1Yy05NTE3LTUyY2Q0ODFjNTlhYiIsImlhdCI6MTc2NTE4OTczNiwiaXNzIjoidXJuOmFwcDplNjY2MzBlNzE0ZjA0OTBhYWVhMWYxNDliM2I2OWUzMiIsInN1YiI6InVybjphcHA6ZTY2NjMwZTcxNGYwNDkwYWFlYTFmMTQ5YjNiNjllMzIifQ.v76wd5gIVoHQTE0pHAVL2Q7nthVTPZ-l0ut9PmkSELc","817f6510-47ac-4f8f-9828-d2fd91cb406f",
